seed,n,W,cap,milp_status,milp_ms,milp_raw,milp_bound_ms,milp_gap,dp_total_ms,lower_bound_ms,milp_replay_ms,fifo_chunk_ms,fifo_chunk_gap,sorted_chunk_ms,sorted_chunk_gap,sorted_chunk_oracle_ms,sorted_chunk_oracle_gap,dp_ms,dp_gap,oracle_dp_ms,oracle_dp_gap
5000,11,2,6,optimal,28441,28441,28441,0,36019,28441,28441,30539,0.0737667,30539,0.0737667,30539,0.0737667,30539,0.0737667,30539,0.0737667
5001,16,3,5,optimal,29602,29602,29602,0,37556,29602,29602,31375,0.0598946,31375,0.0598946,31375,0.0598946,31375,0.0598946,31375,0.0598946
5002,16,3,4,optimal,62638,62638,62638,0,80248,62638,62638,66649,0.0640346,66649,0.0640346,66649,0.0640346,66649,0.0640346,66649,0.0640346
5003,9,3,4,optimal,10452,10452,10452,0,14486,10452,10452,10828,0.035974,10828,0.035974,10828,0.035974,10828,0.035974,10828,0.035974
5004,10,2,5,optimal,33301,33301,33301,0,43793,33301,33301,35389,0.0627008,35389,0.0627008,35389,0.0627008,35389,0.0627008,35389,0.0627008
5005,15,3,4,optimal,15231,15231,15231,0,31785,15231,15231,19827,0.301753,15803,0.037555,15803,0.037555,15803,0.037555,15803,0.037555
5006,16,2,5,optimal,31283,31283,31283,0,46339,30365,31283,40284,0.287728,32202,0.029377,32202,0.029377,32202,0.029377,32202,0.029377
5007,10,3,6,optimal,30763,30763,30763,0,42622,30763,30763,33099,0.0759354,33099,0.0759354,33099,0.0759354,32165,0.0455742,33099,0.0759354
5008,16,2,4,optimal,12963,12963,12963,0,25401,12701,12963,22230,0.714881,20485,0.580267,12963,0,20485,0.580267,12963,0
5009,12,3,6,optimal,37597,37597,37597,0,44865,37597,37597,40696,0.0824268,40696,0.0824268,40696,0.0824268,40077,0.0659627,40696,0.0824268
5010,13,2,4,optimal,16644,16644,16644,0,28623,16233,16644,21745,0.306477,18477,0.11013,16850,0.0123768,18477,0.11013,16850,0.0123768
5011,12,3,5,optimal,38233,38233,38233,0,48539,38233,38233,38867,0.0165825,40774,0.0664609,40774,0.0664609,40774,0.0664609,40774,0.0664609
5012,8,3,6,optimal,12082,12082,12082,0,14597,12082,12082,12814,0.060586,12814,0.060586,12814,0.060586,12374,0.0241682,12814,0.060586
5013,11,3,6,optimal,29349,29349,29349,0,35580,29349,29349,31540,0.0746533,31540,0.0746533,31540,0.0746533,31540,0.0746533,31540,0.0746533
5014,10,3,6,optimal,62638,62638,62638,0,70422,62638,62638,66649,0.0640346,69323,0.106724,69323,0.106724,66649,0.0640346,66649,0.0640346
5015,9,2,6,optimal,43712,43712,43712,0,55807,43712,43712,47574,0.088351,47574,0.088351,47574,0.088351,47574,0.088351,46802,0.07069
5016,9,3,5,optimal,15352,15352,15352,0,19753,15352,15352,16122,0.0501563,16122,0.0501563,16122,0.0501563,16122,0.0501563,16122,0.0501563
5017,8,3,4,optimal,12180,12180,12180,0,20634,12180,12180,12624,0.0364532,12624,0.0364532,12624,0.0364532,12624,0.0364532,12624,0.0364532
5018,15,2,6,optimal,43341,43341,43341,0,69532,42598,43341,55031,0.269722,46316,0.0686417,46316,0.0686417,45573,0.0514986,46316,0.0686417
5019,16,3,4,optimal,44550,44550,44550,0,60035,44550,44550,46933,0.0534905,46933,0.0534905,46933,0.0534905,46933,0.0534905,46933,0.0534905
5020,10,3,4,optimal,11915,11915,11915,0,20742,11915,11915,12064,0.0125052,12348,0.0363407,12348,0.0363407,12348,0.0363407,12348,0.0363407
5021,16,3,5,optimal,62638,62638,62638,0,78854,62638,62638,67987,0.0853954,67987,0.0853954,67987,0.0853954,66649,0.0640346,67987,0.0853954
5022,14,2,6,optimal,22289,22289,22289,0,33978,21990,22289,28203,0.265333,23485,0.0536588,23485,0.0536588,23485,0.0536588,23485,0.0536588
5023,10,2,4,optimal,31871,31871,31871,0,40969,31871,31871,33344,0.0462176,33344,0.0462176,33344,0.0462176,33344,0.0462176,33344,0.0462176
5024,11,2,6,optimal,23948,23948,23948,0,31995,23620,23948,25260,0.0547854,25260,0.0547854,25260,0.0547854,25260,0.0547854,25260,0.0547854
5025,14,2,4,optimal,62638,62638,62638,0,74514,62638,62638,70257,0.121635,66649,0.0640346,66649,0.0640346,63974,0.0213289,66649,0.0640346
5026,9,3,5,optimal,35789,35789,35789,0,41382,35789,35789,37522,0.0484227,38100,0.0645729,38100,0.0645729,38100,0.0645729,38100,0.0645729
5027,16,3,4,optimal,38179,38179,38179,0,66680,38179,38179,52642,0.378821,40081,0.049818,40081,0.049818,40081,0.049818,40081,0.049818
5028,13,2,4,optimal,41831,41831,41831,0,57541,41831,41831,44002,0.0518993,44002,0.0518993,44002,0.0518993,44002,0.0518993,44002,0.0518993
5029,14,3,5,optimal,19076,19076,19076,0,24698,19076,19076,20076,0.0524219,20076,0.0524219,20076,0.0524219,20076,0.0524219,20076,0.0524219
5030,12,3,6,optimal,31214,31214,31214,0,38117,31214,31214,33598,0.076376,33598,0.076376,33598,0.076376,33598,0.076376,33598,0.076376
5031,15,3,4,optimal,15291,15291,15291,0,24006,15291,15291,19648,0.284939,15866,0.0376038,15866,0.0376038,15866,0.0376038,15866,0.0376038
5032,8,2,5,optimal,24908,24908,24908,0,30474,24908,24908,26315,0.0564879,26315,0.0564879,26315,0.0564879,26315,0.0564879,25963,0.0423559
5033,12,2,4,optimal,28307,28307,28307,0,43657,27899,28307,29775,0.05186,29126,0.0289328,29126,0.0289328,29126,0.0289328,29126,0.0289328
5034,10,3,5,optimal,14616,14616,14616,0,20138,14616,14616,15343,0.04974,15343,0.04974,15343,0.04974,15343,0.04974,15343,0.04974
5035,8,2,4,optimal,21723,21723,21723,0,27422,21435,21723,22303,0.0266998,22303,0.0266998,22303,0.0266998,22303,0.0266998,22303,0.0266998
5036,16,3,5,optimal,31925,31925,31925,0,48016,31925,31925,33893,0.0616445,33893,0.0616445,33893,0.0616445,33893,0.0616445,33893,0.0616445
5037,9,3,4,optimal,31994,31994,31994,0,42456,31994,31994,33474,0.0462587,33474,0.0462587,33474,0.0462587,33474,0.0462587,33474,0.0462587
5038,15,2,5,optimal,29777,29777,29777,0,38094,29777,29777,31565,0.0600463,31565,0.0600463,31565,0.0600463,31565,0.0600463,31565,0.0600463
5039,15,2,6,optimal,9411,9411,9411,0,14581,9088,9411,14865,0.579535,9969,0.0592923,9630,0.0232706,9969,0.0592923,9630,0.0232706
5040,15,3,4,optimal,32254,32254,32254,0,48839,32254,32254,33751,0.0464128,33751,0.0464128,33751,0.0464128,33751,0.0464128,33751,0.0464128
5041,14,2,4,optimal,48416,48416,48416,0,62769,47541,48416,50167,0.0361657,50167,0.0361657,50167,0.0361657,50167,0.0361657,50167,0.0361657
5042,15,2,5,optimal,20160,20160,20160,0,29321,19897,20160,20952,0.0392857,20952,0.0392857,20952,0.0392857,20952,0.0392857,20952,0.0392857
5043,10,2,5,optimal,24985,24985,24985,0,34405,24985,24985,26397,0.0565139,26397,0.0565139,26397,0.0565139,26397,0.0565139,26397,0.0565139
5044,16,2,6,optimal,39575,39575,39575,0,47969,39575,39575,42913,0.0843462,42913,0.0843462,42913,0.0843462,42913,0.0843462,42913,0.0843462
5045,14,2,6,optimal,29586,29586,29586,0,45315,29113,29586,45837,0.54928,31279,0.057223,31279,0.057223,31279,0.057223,31279,0.057223
5046,9,3,5,optimal,18338,18338,18338,0,26628,18338,18338,19053,0.0389901,19291,0.0519686,19291,0.0519686,19291,0.0519686,19291,0.0519686
5047,15,3,6,optimal,57170,57170,57170,0,69953,57170,57170,62968,0.101417,62968,0.101417,62968,0.101417,57170,0,61809,0.081144
5048,15,2,5,optimal,29148,29148,29148,0,37979,28723,29148,42691,0.464629,30426,0.0438452,30426,0.0438452,30426,0.0438452,30426,0.0438452
5049,14,2,4,optimal,28716,28716,28716,0,52063,27899,28716,54580,0.900683,31666,0.10273,29126,0.0142778,31666,0.10273,29126,0.0142778
