scenario,variant,policy,seed,policy_name,J,groups_consumed,groups_dropped,groups_unfinished,drops_policy,drops_stale,drops_colocated_switch,tokens_consumed,tokens_dropped,waste_frac,length_bias,run_s,phase_time_s,gen_time_s,straggler_s,mean_ready_s,gpu_idle_frac,gen_frac,overhead_frac,padding_frac,verify_delay_mean_s,verify_delay_p95_s,instants,policy_calls,violations,lb_gap,window_s,step_time_mean_s,step_time_p95_s,samples_per_s,completed_tokens_per_s,rollout_idle_frac,gpu_gen_frac,gpu_overhead_frac,gpu_train_frac,trainer_wait_frac,trainer_wait_mean_s,straggler_mean_s,straggler_p95_s,staleness_mean,staleness_max,stale_token_frac,batch_len_cv
S1,cap16/group_exact,dp,1,fifo+group+early+round_robin+wait+prior+v_fifo,1.14454,8,0,0,0,0,0,64862,0,0,0,31.288,31.288,30.965,0,24.0192,0.233901,0.757702,0.00839658,0.609979,0.209437,0.318,65,65,0,0.213457,,,,,,,,,,,,,,,,,
S1,cap16/group_exact,dp,2,fifo+group+early+round_robin+wait+prior+v_fifo,1.63456,8,0,0,0,0,0,72859,0,0,0,56.977,56.977,56.67,0,28.4209,0.504173,0.491239,0.00458797,0.621975,0.207797,0.307,67,67,0,0.267899,,,,,,,,,,,,,,,,,
S1,cap16/group_exact,dp,3,fifo+group+early+round_robin+wait+prior+v_fifo,1.60322,8,0,0,0,0,0,72815,0,0,0,54.865,54.865,54.497,0,30.042,0.454741,0.540488,0.0047709,0.643539,0.212594,0.317,68,68,0,0.263376,,,,,,,,,,,,,,,,,
S1,cap16/group_exact,fifo_chunk,1,fifo+group+early+round_robin+wait+prior+v_fifo,1.2704,8,0,0,0,0,0,64862,0,0,0,46.843,46.843,46.553,0,27.4689,0.243518,0.750725,0.00575688,0.52341,0.209437,0.318,70,70,0,0.82432,,,,,,,,,,,,,,,,,
S1,cap16/group_exact,fifo_chunk,2,fifo+group+early+round_robin+wait+prior+v_fifo,1.29861,8,0,0,0,0,0,72859,0,0,0,50.591,50.591,50.284,0,29.7868,0.233688,0.760983,0.00532973,0.506509,0.207797,0.307,72,72,0,0.125022,,,,,,,,,,,,,,,,,
S1,cap16/group_exact,fifo_chunk,3,fifo+group+early+round_robin+wait+prior+v_fifo,1.39591,8,0,0,0,0,0,72815,0,0,0,54.895,54.895,54.495,0,31.315,0.20217,0.792912,0.00491788,0.562115,0.212594,0.317,72,72,0,0.26333,,,,,,,,,,,,,,,,,
S1,cap16/group_exact,oracle_dp,1,fifo+group+early+round_robin+wait+oracle+v_fifo,1.00527,8,0,0,0,0,0,64862,0,0,0,31.283,31.283,30.965,0,29.0069,0.571888,0.419716,0.00839658,0.301778,0.209437,0.318,67,67,0,0.213457,,,,,,,,,,,,,,,,,
S1,cap16/group_exact,oracle_dp,2,fifo+group+early+round_robin+wait+oracle+v_fifo,1.54221,8,0,0,0,0,0,72859,0,0,0,57.135,57.135,56.67,0,45.1085,0.652131,0.343281,0.00458797,0.453536,0.207797,0.307,67,67,0,0.267899,,,,,,,,,,,,,,,,,
S1,cap16/group_exact,oracle_dp,3,fifo+group+early+round_robin+wait+oracle+v_fifo,1.5044,8,0,0,0,0,0,72815,0,0,0,54.777,54.777,54.497,0,48.3409,0.639994,0.355235,0.0047709,0.453275,0.212594,0.317,67,67,0,0.263376,,,,,,,,,,,,,,,,,
S1,cap16/group_exact,reference,1,fifo+group+early+round_robin+wait+prior+v_fifo,1.14454,8,0,0,0,0,0,64862,0,0,0,31.288,31.288,30.965,0,24.0192,0.233901,0.757702,0.00839658,0.609979,0.209437,0.318,66,66,0,0.213457,,,,,,,,,,,,,,,,,
S1,cap16/group_exact,reference,2,fifo+group+early+round_robin+wait+prior+v_fifo,1.62905,8,0,0,0,0,0,72859,0,0,0,57.135,57.135,56.67,0,27.0939,0.52759,0.467822,0.00458797,0.602645,0.207797,0.307,68,68,0,0.267899,,,,,,,,,,,,,,,,,
S1,cap16/group_exact,reference,3,fifo+group+early+round_robin+wait+prior+v_fifo,1.60649,8,0,0,0,0,0,72815,0,0,0,54.777,54.777,54.497,0,34.1885,0.378654,0.616575,0.0047709,0.686034,0.212594,0.317,67,67,0,0.263376,,,,,,,,,,,,,,,,,
S1,cap16/group_exact,sorted_chunk,1,fifo+group+early+round_robin+wait+prior+v_fifo,1.41393,8,0,0,0,0,0,64862,0,0,0,67.185,67.185,66.911,0,41.3158,0.120578,0.875177,0.00424444,0.456895,0.209437,0.318,80,80,0,1.62211,,,,,,,,,,,,,,,,,
S1,cap16/group_exact,sorted_chunk,2,fifo+group+early+round_robin+wait+prior+v_fifo,1.33135,8,0,0,0,0,0,72859,0,0,0,66.453,66.453,65.988,0,46.6369,0.093714,0.901982,0.00430381,0.397521,0.207797,0.307,80,80,0,0.476374,,,,,,,,,,,,,,,,,
S1,cap16/group_exact,sorted_chunk,3,fifo+group+early+round_robin+wait+prior+v_fifo,1.45924,8,0,0,0,0,0,72815,0,0,0,72.132,72.132,71.896,0,55.9323,0.0646837,0.931366,0.00395015,0.464123,0.212594,0.317,80,80,0,0.666728,,,,,,,,,,,,,,,,,
S1,cap16/group_moderate,dp,1,fifo+group+early+round_robin+wait+prior+v_fifo,1.14447,8,0,0,0,0,0,64862,0,0,0,31.288,31.288,30.965,0,23.794,0.241176,0.750428,0.00839658,0.606267,0.209437,0.318,65,65,0,0.213457,,,,,,,,,,,,,,,,,
S1,cap16/group_moderate,dp,2,fifo+group+early+round_robin+wait+prior+v_fifo,1.62434,8,0,0,0,0,0,72859,0,0,0,56.977,56.977,56.67,0,26.6734,0.53501,0.460402,0.00458797,0.59634,0.207797,0.307,65,65,0,0.267899,,,,,,,,,,,,,,,,,
S1,cap16/group_moderate,dp,3,fifo+group+early+round_robin+wait+prior+v_fifo,1.60452,8,0,0,0,0,0,72815,0,0,0,54.865,54.865,54.497,0,30.54,0.445603,0.549627,0.0047709,0.649415,0.212594,0.317,68,68,0,0.263376,,,,,,,,,,,,,,,,,
S1,cap16/group_moderate,fifo_chunk,1,fifo+group+early+round_robin+wait+prior+v_fifo,1.2704,8,0,0,0,0,0,64862,0,0,0,46.843,46.843,46.553,0,27.4689,0.243518,0.750725,0.00575688,0.52341,0.209437,0.318,70,70,0,0.82432,,,,,,,,,,,,,,,,,
S1,cap16/group_moderate,fifo_chunk,2,fifo+group+early+round_robin+wait+prior+v_fifo,1.29861,8,0,0,0,0,0,72859,0,0,0,50.591,50.591,50.284,0,29.7868,0.233688,0.760983,0.00532973,0.506509,0.207797,0.307,72,72,0,0.125022,,,,,,,,,,,,,,,,,
S1,cap16/group_moderate,fifo_chunk,3,fifo+group+early+round_robin+wait+prior+v_fifo,1.39591,8,0,0,0,0,0,72815,0,0,0,54.895,54.895,54.495,0,31.315,0.20217,0.792912,0.00491788,0.562115,0.212594,0.317,72,72,0,0.26333,,,,,,,,,,,,,,,,,
S1,cap16/group_moderate,oracle_dp,1,fifo+group+early+round_robin+wait+oracle+v_fifo,1.00527,8,0,0,0,0,0,64862,0,0,0,31.283,31.283,30.965,0,29.0069,0.571888,0.419716,0.00839658,0.301778,0.209437,0.318,67,67,0,0.213457,,,,,,,,,,,,,,,,,
S1,cap16/group_moderate,oracle_dp,2,fifo+group+early+round_robin+wait+oracle+v_fifo,1.54221,8,0,0,0,0,0,72859,0,0,0,57.135,57.135,56.67,0,45.1085,0.652131,0.343281,0.00458797,0.453536,0.207797,0.307,67,67,0,0.267899,,,,,,,,,,,,,,,,,
S1,cap16/group_moderate,oracle_dp,3,fifo+group+early+round_robin+wait+oracle+v_fifo,1.5044,8,0,0,0,0,0,72815,0,0,0,54.777,54.777,54.497,0,48.3409,0.639994,0.355235,0.0047709,0.453275,0.212594,0.317,67,67,0,0.263376,,,,,,,,,,,,,,,,,
S1,cap16/group_moderate,reference,1,fifo+group+early+round_robin+wait+prior+v_fifo,1.14454,8,0,0,0,0,0,64862,0,0,0,31.288,31.288,30.965,0,24.0192,0.233901,0.757702,0.00839658,0.609979,0.209437,0.318,66,66,0,0.213457,,,,,,,,,,,,,,,,,
S1,cap16/group_moderate,reference,2,fifo+group+early+round_robin+wait+prior+v_fifo,1.62905,8,0,0,0,0,0,72859,0,0,0,57.135,57.135,56.67,0,27.0939,0.52759,0.467822,0.00458797,0.602645,0.207797,0.307,68,68,0,0.267899,,,,,,,,,,,,,,,,,
S1,cap16/group_moderate,reference,3,fifo+group+early+round_robin+wait+prior+v_fifo,1.60649,8,0,0,0,0,0,72815,0,0,0,54.777,54.777,54.497,0,34.1885,0.378654,0.616575,0.0047709,0.686034,0.212594,0.317,67,67,0,0.263376,,,,,,,,,,,,,,,,,
S1,cap16/group_moderate,sorted_chunk,1,fifo+group+early+round_robin+wait+prior+v_fifo,1.34462,8,0,0,0,0,0,64862,0,0,0,63.766,63.766,63.492,0,38.4751,0.0732218,0.922305,0.004473,0.456895,0.209437,0.318,80,80,0,1.48813,,,,,,,,,,,,,,,,,
S1,cap16/group_moderate,sorted_chunk,2,fifo+group+early+round_robin+wait+prior+v_fifo,1.30038,8,0,0,0,0,0,72859,0,0,0,64.867,64.867,64.59,0,45.1075,0.0740982,0.921505,0.00439697,0.397521,0.207797,0.307,80,80,0,0.445096,,,,,,,,,,,,,,,,,
S1,cap16/group_moderate,sorted_chunk,3,fifo+group+early+round_robin+wait+prior+v_fifo,1.59529,8,0,0,0,0,0,72815,0,0,0,79.192,79.192,78.956,0,55.3656,0.148317,0.848086,0.00359694,0.464123,0.212594,0.317,80,80,0,0.830397,,,,,,,,,,,,,,,,,
S1,cap16/none,dp,1,fifo+group+early+round_robin+wait+prior+v_fifo,1.14454,8,0,0,0,0,0,64862,0,0,0,31.288,31.288,30.965,0,24.0192,0.233901,0.757702,0.00839658,0.609979,0.209437,0.318,66,66,0,0.213457,,,,,,,,,,,,,,,,,
S1,cap16/none,dp,2,fifo+group+early+round_robin+wait+prior+v_fifo,1.62905,8,0,0,0,0,0,72859,0,0,0,57.135,57.135,56.67,0,27.0939,0.52759,0.467822,0.00458797,0.602645,0.207797,0.307,68,68,0,0.267899,,,,,,,,,,,,,,,,,
S1,cap16/none,dp,3,fifo+group+early+round_robin+wait+prior+v_fifo,1.60649,8,0,0,0,0,0,72815,0,0,0,54.777,54.777,54.497,0,34.1885,0.378654,0.616575,0.0047709,0.686034,0.212594,0.317,67,67,0,0.263376,,,,,,,,,,,,,,,,,
S1,cap16/none,fifo_chunk,1,fifo+group+early+round_robin+wait+prior+v_fifo,1.2704,8,0,0,0,0,0,64862,0,0,0,46.843,46.843,46.553,0,27.4689,0.243518,0.750725,0.00575688,0.52341,0.209437,0.318,70,70,0,0.82432,,,,,,,,,,,,,,,,,
S1,cap16/none,fifo_chunk,2,fifo+group+early+round_robin+wait+prior+v_fifo,1.29861,8,0,0,0,0,0,72859,0,0,0,50.591,50.591,50.284,0,29.7868,0.233688,0.760983,0.00532973,0.506509,0.207797,0.307,72,72,0,0.125022,,,,,,,,,,,,,,,,,
S1,cap16/none,fifo_chunk,3,fifo+group+early+round_robin+wait+prior+v_fifo,1.39591,8,0,0,0,0,0,72815,0,0,0,54.895,54.895,54.495,0,31.315,0.20217,0.792912,0.00491788,0.562115,0.212594,0.317,72,72,0,0.26333,,,,,,,,,,,,,,,,,
S1,cap16/none,oracle_dp,1,fifo+group+early+round_robin+wait+oracle+v_fifo,1.00527,8,0,0,0,0,0,64862,0,0,0,31.283,31.283,30.965,0,29.0069,0.571888,0.419716,0.00839658,0.301778,0.209437,0.318,67,67,0,0.213457,,,,,,,,,,,,,,,,,
S1,cap16/none,oracle_dp,2,fifo+group+early+round_robin+wait+oracle+v_fifo,1.54221,8,0,0,0,0,0,72859,0,0,0,57.135,57.135,56.67,0,45.1085,0.652131,0.343281,0.00458797,0.453536,0.207797,0.307,67,67,0,0.267899,,,,,,,,,,,,,,,,,
S1,cap16/none,oracle_dp,3,fifo+group+early+round_robin+wait+oracle+v_fifo,1.5044,8,0,0,0,0,0,72815,0,0,0,54.777,54.777,54.497,0,48.3409,0.639994,0.355235,0.0047709,0.453275,0.212594,0.317,67,67,0,0.263376,,,,,,,,,,,,,,,,,
S1,cap16/none,reference,1,fifo+group+early+round_robin+wait+prior+v_fifo,1.14454,8,0,0,0,0,0,64862,0,0,0,31.288,31.288,30.965,0,24.0192,0.233901,0.757702,0.00839658,0.609979,0.209437,0.318,66,66,0,0.213457,,,,,,,,,,,,,,,,,
S1,cap16/none,reference,2,fifo+group+early+round_robin+wait+prior+v_fifo,1.62905,8,0,0,0,0,0,72859,0,0,0,57.135,57.135,56.67,0,27.0939,0.52759,0.467822,0.00458797,0.602645,0.207797,0.307,68,68,0,0.267899,,,,,,,,,,,,,,,,,
S1,cap16/none,reference,3,fifo+group+early+round_robin+wait+prior+v_fifo,1.60649,8,0,0,0,0,0,72815,0,0,0,54.777,54.777,54.497,0,34.1885,0.378654,0.616575,0.0047709,0.686034,0.212594,0.317,67,67,0,0.263376,,,,,,,,,,,,,,,,,
S1,cap16/none,sorted_chunk,1,fifo+group+early+round_robin+wait+prior+v_fifo,1.2704,8,0,0,0,0,0,64862,0,0,0,46.843,46.843,46.553,0,27.4689,0.243518,0.750725,0.00575688,0.52341,0.209437,0.318,70,70,0,0.82432,,,,,,,,,,,,,,,,,
S1,cap16/none,sorted_chunk,2,fifo+group+early+round_robin+wait+prior+v_fifo,1.29861,8,0,0,0,0,0,72859,0,0,0,50.591,50.591,50.284,0,29.7868,0.233688,0.760983,0.00532973,0.506509,0.207797,0.307,72,72,0,0.125022,,,,,,,,,,,,,,,,,
S1,cap16/none,sorted_chunk,3,fifo+group+early+round_robin+wait+prior+v_fifo,1.39591,8,0,0,0,0,0,72815,0,0,0,54.895,54.895,54.495,0,31.315,0.20217,0.792912,0.00491788,0.562115,0.212594,0.317,72,72,0,0.26333,,,,,,,,,,,,,,,,,
S1,cap8/group_exact,dp,1,fifo+group+early+round_robin+wait+prior+v_fifo,1.27997,8,0,0,0,0,0,64862,0,0,0,47.359,47.359,47.036,0,27.5316,0.251286,0.743016,0.00569776,0.52341,0.209437,0.318,70,70,0,0.843248,,,,,,,,,,,,,,,,,
S1,cap8/group_exact,dp,2,fifo+group+early+round_robin+wait+prior+v_fifo,1.29733,8,0,0,0,0,0,72859,0,0,0,50.591,50.591,50.284,0,29.6537,0.233688,0.760983,0.00532973,0.506509,0.207797,0.307,72,72,0,0.125022,,,,,,,,,,,,,,,,,
S1,cap8/group_exact,dp,3,fifo+group+early+round_robin+wait+prior+v_fifo,1.26234,8,0,0,0,0,0,72815,0,0,0,48.718,48.718,48.438,0,34.3821,0.102404,0.892063,0.00553285,0.562115,0.212594,0.317,72,72,0,0.122914,,,,,,,,,,,,,,,,,
S1,cap8/group_exact,fifo_chunk,1,fifo+group+early+round_robin+wait+prior+v_fifo,1.26921,8,0,0,0,0,0,64862,0,0,0,46.843,46.843,46.553,0,27.4689,0.243518,0.750725,0.00575688,0.52341,0.209437,0.318,70,70,0,0.82432,,,,,,,,,,,,,,,,,
S1,cap8/group_exact,fifo_chunk,2,fifo+group+early+round_robin+wait+prior+v_fifo,1.29733,8,0,0,0,0,0,72859,0,0,0,50.591,50.591,50.284,0,29.7868,0.233688,0.760983,0.00532973,0.506509,0.207797,0.307,72,72,0,0.125022,,,,,,,,,,,,,,,,,
S1,cap8/group_exact,fifo_chunk,3,fifo+group+early+round_robin+wait+prior+v_fifo,1.39451,8,0,0,0,0,0,72815,0,0,0,54.895,54.895,54.495,0,31.315,0.20217,0.792912,0.00491788,0.562115,0.212594,0.317,72,72,0,0.26333,,,,,,,,,,,,,,,,,
S1,cap8/group_exact,oracle_dp,1,fifo+group+early+round_robin+wait+oracle+v_fifo,0.67091,8,0,0,0,0,0,64862,0,0,0,28.354,28.354,28.06,0,22.9154,0.301737,0.688712,0.00955096,0.142309,0.209437,0.318,72,72,0,0.099616,,,,,,,,,,,,,,,,,
S1,cap8/group_exact,oracle_dp,2,fifo+group+early+round_robin+wait+oracle+v_fifo,1.17124,8,0,0,0,0,0,72859,0,0,0,50.749,50.749,50.284,0,34.264,0.493432,0.501238,0.00532973,0.248442,0.207797,0.307,71,71,0,0.125022,,,,,,,,,,,,,,,,,
S1,cap8/group_exact,oracle_dp,3,fifo+group+early+round_robin+wait+oracle+v_fifo,1.14481,8,0,0,0,0,0,72815,0,0,0,48.718,48.718,48.438,0,33.7801,0.464264,0.530204,0.00553285,0.263662,0.212594,0.317,71,71,0,0.122914,,,,,,,,,,,,,,,,,
S1,cap8/group_exact,reference,1,fifo+group+early+round_robin+wait+prior+v_fifo,1.26921,8,0,0,0,0,0,64862,0,0,0,46.843,46.843,46.553,0,27.4689,0.243518,0.750725,0.00575688,0.52341,0.209437,0.318,70,70,0,0.82432,,,,,,,,,,,,,,,,,
S1,cap8/group_exact,reference,2,fifo+group+early+round_robin+wait+prior+v_fifo,1.29733,8,0,0,0,0,0,72859,0,0,0,50.591,50.591,50.284,0,29.7868,0.233688,0.760983,0.00532973,0.506509,0.207797,0.307,72,72,0,0.125022,,,,,,,,,,,,,,,,,
S1,cap8/group_exact,reference,3,fifo+group+early+round_robin+wait+prior+v_fifo,1.39451,8,0,0,0,0,0,72815,0,0,0,54.895,54.895,54.495,0,31.315,0.20217,0.792912,0.00491788,0.562115,0.212594,0.317,72,72,0,0.26333,,,,,,,,,,,,,,,,,
S1,cap8/group_exact,sorted_chunk,1,fifo+group+early+round_robin+wait+prior+v_fifo,1.41222,8,0,0,0,0,0,64862,0,0,0,67.185,67.185,66.911,0,41.3158,0.120578,0.875177,0.00424444,0.456895,0.209437,0.318,80,80,0,1.62211,,,,,,,,,,,,,,,,,
S1,cap8/group_exact,sorted_chunk,2,fifo+group+early+round_robin+wait+prior+v_fifo,1.32966,8,0,0,0,0,0,72859,0,0,0,66.453,66.453,65.988,0,46.6369,0.093714,0.901982,0.00430381,0.397521,0.207797,0.307,80,80,0,0.476374,,,,,,,,,,,,,,,,,
S1,cap8/group_exact,sorted_chunk,3,fifo+group+early+round_robin+wait+prior+v_fifo,1.45741,8,0,0,0,0,0,72815,0,0,0,72.132,72.132,71.896,0,55.9323,0.0646837,0.931366,0.00395015,0.464123,0.212594,0.317,80,80,0,0.666728,,,,,,,,,,,,,,,,,
S1,cap8/group_moderate,dp,1,fifo+group+early+round_robin+wait+prior+v_fifo,1.27997,8,0,0,0,0,0,64862,0,0,0,47.359,47.359,47.036,0,26.131,0.251286,0.743016,0.00569776,0.52341,0.209437,0.318,70,70,0,0.843248,,,,,,,,,,,,,,,,,
S1,cap8/group_moderate,dp,2,fifo+group+early+round_robin+wait+prior+v_fifo,1.29733,8,0,0,0,0,0,72859,0,0,0,50.591,50.591,50.284,0,28.6531,0.233688,0.760983,0.00532973,0.506509,0.207797,0.307,72,72,0,0.125022,,,,,,,,,,,,,,,,,
S1,cap8/group_moderate,dp,3,fifo+group+early+round_robin+wait+prior+v_fifo,1.36917,8,0,0,0,0,0,72815,0,0,0,53.677,53.677,53.277,0,34.1575,0.18393,0.811039,0.00503031,0.562115,0.212594,0.317,72,72,0,0.235094,,,,,,,,,,,,,,,,,
S1,cap8/group_moderate,fifo_chunk,1,fifo+group+early+round_robin+wait+prior+v_fifo,1.26921,8,0,0,0,0,0,64862,0,0,0,46.843,46.843,46.553,0,27.4689,0.243518,0.750725,0.00575688,0.52341,0.209437,0.318,70,70,0,0.82432,,,,,,,,,,,,,,,,,
S1,cap8/group_moderate,fifo_chunk,2,fifo+group+early+round_robin+wait+prior+v_fifo,1.29733,8,0,0,0,0,0,72859,0,0,0,50.591,50.591,50.284,0,29.7868,0.233688,0.760983,0.00532973,0.506509,0.207797,0.307,72,72,0,0.125022,,,,,,,,,,,,,,,,,
S1,cap8/group_moderate,fifo_chunk,3,fifo+group+early+round_robin+wait+prior+v_fifo,1.39451,8,0,0,0,0,0,72815,0,0,0,54.895,54.895,54.495,0,31.315,0.20217,0.792912,0.00491788,0.562115,0.212594,0.317,72,72,0,0.26333,,,,,,,,,,,,,,,,,
S1,cap8/group_moderate,oracle_dp,1,fifo+group+early+round_robin+wait+oracle+v_fifo,0.67091,8,0,0,0,0,0,64862,0,0,0,28.354,28.354,28.06,0,22.9154,0.301737,0.688712,0.00955096,0.142309,0.209437,0.318,72,72,0,0.099616,,,,,,,,,,,,,,,,,
S1,cap8/group_moderate,oracle_dp,2,fifo+group+early+round_robin+wait+oracle+v_fifo,1.17124,8,0,0,0,0,0,72859,0,0,0,50.749,50.749,50.284,0,34.264,0.493432,0.501238,0.00532973,0.248442,0.207797,0.307,71,71,0,0.125022,,,,,,,,,,,,,,,,,
S1,cap8/group_moderate,oracle_dp,3,fifo+group+early+round_robin+wait+oracle+v_fifo,1.14481,8,0,0,0,0,0,72815,0,0,0,48.718,48.718,48.438,0,33.7801,0.464264,0.530204,0.00553285,0.263662,0.212594,0.317,71,71,0,0.122914,,,,,,,,,,,,,,,,,
S1,cap8/group_moderate,reference,1,fifo+group+early+round_robin+wait+prior+v_fifo,1.26921,8,0,0,0,0,0,64862,0,0,0,46.843,46.843,46.553,0,27.4689,0.243518,0.750725,0.00575688,0.52341,0.209437,0.318,70,70,0,0.82432,,,,,,,,,,,,,,,,,
S1,cap8/group_moderate,reference,2,fifo+group+early+round_robin+wait+prior+v_fifo,1.29733,8,0,0,0,0,0,72859,0,0,0,50.591,50.591,50.284,0,29.7868,0.233688,0.760983,0.00532973,0.506509,0.207797,0.307,72,72,0,0.125022,,,,,,,,,,,,,,,,,
S1,cap8/group_moderate,reference,3,fifo+group+early+round_robin+wait+prior+v_fifo,1.39451,8,0,0,0,0,0,72815,0,0,0,54.895,54.895,54.495,0,31.315,0.20217,0.792912,0.00491788,0.562115,0.212594,0.317,72,72,0,0.26333,,,,,,,,,,,,,,,,,
S1,cap8/group_moderate,sorted_chunk,1,fifo+group+early+round_robin+wait+prior+v_fifo,1.343,8,0,0,0,0,0,64862,0,0,0,63.766,63.766,63.492,0,38.4751,0.0732218,0.922305,0.004473,0.456895,0.209437,0.318,80,80,0,1.48813,,,,,,,,,,,,,,,,,
S1,cap8/group_moderate,sorted_chunk,2,fifo+group+early+round_robin+wait+prior+v_fifo,1.29873,8,0,0,0,0,0,72859,0,0,0,64.867,64.867,64.59,0,45.1075,0.0740982,0.921505,0.00439697,0.397521,0.207797,0.307,80,80,0,0.445096,,,,,,,,,,,,,,,,,
S1,cap8/group_moderate,sorted_chunk,3,fifo+group+early+round_robin+wait+prior+v_fifo,1.59328,8,0,0,0,0,0,72815,0,0,0,79.192,79.192,78.956,0,55.3656,0.148317,0.848086,0.00359694,0.464123,0.212594,0.317,80,80,0,0.830397,,,,,,,,,,,,,,,,,
S1,cap8/none,dp,1,fifo+group+early+round_robin+wait+prior+v_fifo,1.26921,8,0,0,0,0,0,64862,0,0,0,46.843,46.843,46.553,0,27.4689,0.243518,0.750725,0.00575688,0.52341,0.209437,0.318,70,70,0,0.82432,,,,,,,,,,,,,,,,,
S1,cap8/none,dp,2,fifo+group+early+round_robin+wait+prior+v_fifo,1.29733,8,0,0,0,0,0,72859,0,0,0,50.591,50.591,50.284,0,29.7868,0.233688,0.760983,0.00532973,0.506509,0.207797,0.307,72,72,0,0.125022,,,,,,,,,,,,,,,,,
S1,cap8/none,dp,3,fifo+group+early+round_robin+wait+prior+v_fifo,1.39451,8,0,0,0,0,0,72815,0,0,0,54.895,54.895,54.495,0,31.315,0.20217,0.792912,0.00491788,0.562115,0.212594,0.317,72,72,0,0.26333,,,,,,,,,,,,,,,,,
S1,cap8/none,fifo_chunk,1,fifo+group+early+round_robin+wait+prior+v_fifo,1.26921,8,0,0,0,0,0,64862,0,0,0,46.843,46.843,46.553,0,27.4689,0.243518,0.750725,0.00575688,0.52341,0.209437,0.318,70,70,0,0.82432,,,,,,,,,,,,,,,,,
S1,cap8/none,fifo_chunk,2,fifo+group+early+round_robin+wait+prior+v_fifo,1.29733,8,0,0,0,0,0,72859,0,0,0,50.591,50.591,50.284,0,29.7868,0.233688,0.760983,0.00532973,0.506509,0.207797,0.307,72,72,0,0.125022,,,,,,,,,,,,,,,,,
S1,cap8/none,fifo_chunk,3,fifo+group+early+round_robin+wait+prior+v_fifo,1.39451,8,0,0,0,0,0,72815,0,0,0,54.895,54.895,54.495,0,31.315,0.20217,0.792912,0.00491788,0.562115,0.212594,0.317,72,72,0,0.26333,,,,,,,,,,,,,,,,,
S1,cap8/none,oracle_dp,1,fifo+group+early+round_robin+wait+oracle+v_fifo,0.67091,8,0,0,0,0,0,64862,0,0,0,28.354,28.354,28.06,0,22.9154,0.301737,0.688712,0.00955096,0.142309,0.209437,0.318,72,72,0,0.099616,,,,,,,,,,,,,,,,,
S1,cap8/none,oracle_dp,2,fifo+group+early+round_robin+wait+oracle+v_fifo,1.17124,8,0,0,0,0,0,72859,0,0,0,50.749,50.749,50.284,0,34.264,0.493432,0.501238,0.00532973,0.248442,0.207797,0.307,71,71,0,0.125022,,,,,,,,,,,,,,,,,
S1,cap8/none,oracle_dp,3,fifo+group+early+round_robin+wait+oracle+v_fifo,1.14481,8,0,0,0,0,0,72815,0,0,0,48.718,48.718,48.438,0,33.7801,0.464264,0.530204,0.00553285,0.263662,0.212594,0.317,71,71,0,0.122914,,,,,,,,,,,,,,,,,
S1,cap8/none,reference,1,fifo+group+early+round_robin+wait+prior+v_fifo,1.26921,8,0,0,0,0,0,64862,0,0,0,46.843,46.843,46.553,0,27.4689,0.243518,0.750725,0.00575688,0.52341,0.209437,0.318,70,70,0,0.82432,,,,,,,,,,,,,,,,,
S1,cap8/none,reference,2,fifo+group+early+round_robin+wait+prior+v_fifo,1.29733,8,0,0,0,0,0,72859,0,0,0,50.591,50.591,50.284,0,29.7868,0.233688,0.760983,0.00532973,0.506509,0.207797,0.307,72,72,0,0.125022,,,,,,,,,,,,,,,,,
S1,cap8/none,reference,3,fifo+group+early+round_robin+wait+prior+v_fifo,1.39451,8,0,0,0,0,0,72815,0,0,0,54.895,54.895,54.495,0,31.315,0.20217,0.792912,0.00491788,0.562115,0.212594,0.317,72,72,0,0.26333,,,,,,,,,,,,,,,,,
S1,cap8/none,sorted_chunk,1,fifo+group+early+round_robin+wait+prior+v_fifo,1.26921,8,0,0,0,0,0,64862,0,0,0,46.843,46.843,46.553,0,27.4689,0.243518,0.750725,0.00575688,0.52341,0.209437,0.318,70,70,0,0.82432,,,,,,,,,,,,,,,,,
S1,cap8/none,sorted_chunk,2,fifo+group+early+round_robin+wait+prior+v_fifo,1.29733,8,0,0,0,0,0,72859,0,0,0,50.591,50.591,50.284,0,29.7868,0.233688,0.760983,0.00532973,0.506509,0.207797,0.307,72,72,0,0.125022,,,,,,,,,,,,,,,,,
S1,cap8/none,sorted_chunk,3,fifo+group+early+round_robin+wait+prior+v_fifo,1.39451,8,0,0,0,0,0,72815,0,0,0,54.895,54.895,54.495,0,31.315,0.20217,0.792912,0.00491788,0.562115,0.212594,0.317,72,72,0,0.26333,,,,,,,,,,,,,,,,,
S2,heavy/group,fifo+sample+late+first_free,1,fifo+sample+late+first_free+wait+prior+v_fifo,0.943376,64,0,0,0,0,0,564816,0,0,0,67.719,67.719,67.553,20.105,24.5722,0.259137,0.734161,0.00670214,0,0.207252,0.322,1162,1162,0,0.122405,,,,,,,,,,,,,,,,,
S2,heavy/group,fifo+sample+late+first_free,2,fifo+sample+late+first_free+wait+prior+v_fifo,1.02814,64,0,0,0,0,0,588572,0,0,0,78.676,78.676,78.296,36.913,24.816,0.165315,0.828907,0.00577775,0,0.208244,0.325,1184,1184,0,0.251537,,,,,,,,,,,,,,,,,
S2,heavy/group,fifo+sample+late+first_free,3,fifo+sample+late+first_free+wait+prior+v_fifo,0.980742,64,0,0,0,0,0,601921,0,0,0,74.659,74.659,74.525,16.376,26.2933,0.167068,0.82706,0.00587219,0,0.209678,0.315,1158,1158,0,0.190078,,,,,,,,,,,,,,,,,
S2,heavy/group,longest_first+sample+late+lpt,1,longest_first+sample+late+lpt+wait+prior+v_fifo,0.885737,64,0,0,0,0,0,564816,0,0,0,66.643,66.643,66.477,19.268,26.944,0.169722,0.815284,0.0149939,0,0.207252,0.322,1153,1153,0,0.104527,,,,,,,,,,,,,,,,,
S2,heavy/group,longest_first+sample+late+lpt,2,longest_first+sample+late+lpt+wait+prior+v_fifo,0.913398,64,0,0,0,0,0,588572,0,0,0,71.265,71.265,70.885,26.73,27.0602,0.113954,0.872434,0.0136118,0,0.208244,0.325,1142,1142,0,0.133074,,,,,,,,,,,,,,,,,
S2,heavy/group,longest_first+sample+late+lpt,3,longest_first+sample+late+lpt+wait+prior+v_fifo,0.938224,64,0,0,0,0,0,601921,0,0,0,71.158,71.158,70.988,10.844,28.8508,0.166178,0.819751,0.014071,0,0.209678,0.315,1144,1144,0,0.133596,,,,,,,,,,,,,,,,,
S2,heavy/group,online_adaptive,1,longest_first+sample+late+lpt+wait+group_evidence(0.5)+v_fifo,0.885696,64,0,0,0,0,0,564816,0,0,0,66.643,66.643,66.477,19.355,26.9496,0.169639,0.815297,0.0150635,0,0.207252,0.322,1164,1164,0,0.104527,,,,,,,,,,,,,,,,,
S2,heavy/group,online_adaptive,2,longest_first+sample+late+lpt+wait+group_evidence(0.5)+v_fifo,0.913576,64,0,0,0,0,0,588572,0,0,0,71.277,71.277,70.897,26.73,27.0666,0.114023,0.872288,0.0136889,0,0.208244,0.325,1151,1151,0,0.133266,,,,,,,,,,,,,,,,,
S2,heavy/group,online_adaptive,3,longest_first+sample+late+lpt+wait+group_evidence(0.5)+v_fifo,0.940467,64,0,0,0,0,0,601921,0,0,0,71.283,71.283,71.113,10.844,28.8558,0.167659,0.818317,0.0140235,0,0.209678,0.315,1150,1150,0,0.135592,,,,,,,,,,,,,,,,,
S2,heavy/group,online_eb,1,longest_first+sample+late+lpt+isolate(2)+wait+eb(20)+v_fifo,0.888605,64,0,0,0,0,0,564816,0,0,0,66.793,66.793,66.627,19.418,26.9253,0.171852,0.813448,0.0146994,0,0.207252,0.322,1153,1153,0,0.107019,,,,,,,,,,,,,,,,,
S2,heavy/group,online_eb,2,longest_first+sample+late+lpt+isolate(2)+wait+eb(20)+v_fifo,0.907307,64,0,0,0,0,0,588572,0,0,0,70.933,70.933,70.553,27.417,27.0352,0.109753,0.876533,0.0137149,0,0.208244,0.325,1153,1153,0,0.127768,,,,,,,,,,,,,,,,,
S2,heavy/group,online_eb,3,longest_first+sample+late+lpt+isolate(2)+wait+eb(20)+v_fifo,0.937656,64,0,0,0,0,0,601921,0,0,0,71.125,71.125,70.955,10.844,28.8437,0.165836,0.820118,0.0140459,0,0.209678,0.315,1149,1149,0,0.133069,,,,,,,,,,,,,,,,,
S2,heavy/group,oracle_lpt,1,longest_first+sample+late+lpt+wait+oracle+v_fifo,0.879199,64,0,0,0,0,0,564816,0,0,0,66.207,66.207,66.041,20.034,27.3422,0.167125,0.820689,0.0121856,0,0.207252,0.322,1189,1189,0,0.0972829,,,,,,,,,,,,,,,,,
S2,heavy/group,oracle_lpt,2,longest_first+sample+late+lpt+wait+oracle+v_fifo,0.846186,64,0,0,0,0,0,588572,0,0,0,69.401,69.401,69.222,31.745,27.0929,0.0243311,0.963942,0.0117268,0,0.208244,0.325,1185,1185,0,0.106492,,,,,,,,,,,,,,,,,
S2,heavy/group,oracle_lpt,3,longest_first+sample+late+lpt+wait+oracle+v_fifo,0.852109,64,0,0,0,0,0,601921,0,0,0,69.616,69.616,69.482,10.592,28.8824,0.0310098,0.957647,0.0113429,0,0.209678,0.315,1174,1174,0,0.109547,,,,,,,,,,,,,,,,,
S2,heavy/group,reference,1,fifo+group+early+round_robin+wait+prior+v_fifo,0.980023,64,0,0,0,0,0,564816,0,0,0,69.834,69.834,69.668,20.753,24.509,0.281598,0.716242,0.00216025,0,0.207252,0.322,1040,1040,0,0.157546,,,,,,,,,,,,,,,,,
S2,heavy/group,reference,2,fifo+group+early+round_robin+wait+prior+v_fifo,1.21121,64,0,0,0,0,0,588572,0,0,0,83.044,83.044,82.89,40.591,24.985,0.42647,0.571788,0.00174177,0,0.208244,0.325,1024,1024,0,0.324971,,,,,,,,,,,,,,,,,
S2,heavy/group,reference,3,fifo+group+early+round_robin+wait+prior+v_fifo,1.15831,64,0,0,0,0,0,601921,0,0,0,83.161,83.161,83.027,14.535,26.8097,0.317853,0.680386,0.00176148,0,0.209678,0.315,1034,1034,0,0.325845,,,,,,,,,,,,,,,,,
S2,heavy/none,fifo+sample+late+first_free,1,fifo+sample+late+first_free+wait+prior+v_fifo,0.943376,64,0,0,0,0,0,564816,0,0,0,67.719,67.719,67.553,20.105,24.5722,0.259137,0.734161,0.00670214,0,0.207252,0.322,1162,1162,0,0.122405,,,,,,,,,,,,,,,,,
S2,heavy/none,fifo+sample+late+first_free,2,fifo+sample+late+first_free+wait+prior+v_fifo,1.02814,64,0,0,0,0,0,588572,0,0,0,78.676,78.676,78.296,36.913,24.816,0.165315,0.828907,0.00577775,0,0.208244,0.325,1184,1184,0,0.251537,,,,,,,,,,,,,,,,,
S2,heavy/none,fifo+sample+late+first_free,3,fifo+sample+late+first_free+wait+prior+v_fifo,0.980742,64,0,0,0,0,0,601921,0,0,0,74.659,74.659,74.525,16.376,26.2933,0.167068,0.82706,0.00587219,0,0.209678,0.315,1158,1158,0,0.190078,,,,,,,,,,,,,,,,,
S2,heavy/none,longest_first+sample+late+lpt,1,longest_first+sample+late+lpt+wait+prior+v_fifo,0.928177,64,0,0,0,0,0,564816,0,0,0,68.835,68.835,68.669,20.611,25.041,0.201916,0.783638,0.0144461,0,0.207252,0.322,1171,1171,0,0.140948,,,,,,,,,,,,,,,,,
S2,heavy/none,longest_first+sample+late+lpt,2,longest_first+sample+late+lpt+wait+prior+v_fifo,0.959615,64,0,0,0,0,0,588572,0,0,0,75.337,75.337,74.957,31.921,25.282,0.108519,0.878219,0.0132626,0,0.208244,0.325,1167,1167,0,0.198164,,,,,,,,,,,,,,,,,
S2,heavy/none,longest_first+sample+late+lpt,3,longest_first+sample+late+lpt+wait+prior+v_fifo,1.01827,64,0,0,0,0,0,601921,0,0,0,76.443,76.443,76.309,15.222,27.0546,0.199252,0.787804,0.0129441,0,0.209678,0.315,1158,1158,0,0.218566,,,,,,,,,,,,,,,,,
S2,heavy/none,online_adaptive,1,longest_first+sample+late+lpt+wait+group_evidence(8)+v_fifo,0.928177,64,0,0,0,0,0,564816,0,0,0,68.835,68.835,68.669,20.611,25.041,0.201916,0.783638,0.0144461,0,0.207252,0.322,1171,1171,0,0.140948,,,,,,,,,,,,,,,,,
S2,heavy/none,online_adaptive,2,longest_first+sample+late+lpt+wait+group_evidence(8)+v_fifo,0.991785,64,0,0,0,0,0,588572,0,0,0,75.776,75.776,75.396,32.499,25.2903,0.162306,0.824425,0.0132683,0,0.208244,0.325,1177,1177,0,0.205181,,,,,,,,,,,,,,,,,
S2,heavy/none,online_adaptive,3,longest_first+sample+late+lpt+wait+group_evidence(8)+v_fifo,1.01827,64,0,0,0,0,0,601921,0,0,0,76.443,76.443,76.309,15.222,27.0546,0.199252,0.787804,0.0129441,0,0.209678,0.315,1158,1158,0,0.218566,,,,,,,,,,,,,,,,,
S2,heavy/none,online_eb,1,longest_first+sample+late+lpt+isolate(2)+wait+eb(20)+v_fifo,0.928177,64,0,0,0,0,0,564816,0,0,0,68.835,68.835,68.669,20.611,25.041,0.201916,0.783638,0.0144461,0,0.207252,0.322,1171,1171,0,0.140948,,,,,,,,,,,,,,,,,
S2,heavy/none,online_eb,2,longest_first+sample+late+lpt+isolate(2)+wait+eb(20)+v_fifo,0.967349,64,0,0,0,0,0,588572,0,0,0,75.658,75.658,75.278,32.298,25.2859,0.116272,0.870407,0.0133206,0,0.208244,0.325,1174,1174,0,0.203295,,,,,,,,,,,,,,,,,
S2,heavy/none,online_eb,3,longest_first+sample+late+lpt+isolate(2)+wait+eb(20)+v_fifo,1.01381,64,0,0,0,0,0,601921,0,0,0,76.286,76.286,76.152,15.222,27.0353,0.194099,0.792975,0.0129264,0,0.209678,0.315,1157,1157,0,0.216059,,,,,,,,,,,,,,,,,
S2,heavy/none,oracle_lpt,1,longest_first+sample+late+lpt+wait+oracle+v_fifo,0.879199,64,0,0,0,0,0,564816,0,0,0,66.207,66.207,66.041,20.034,27.3422,0.167125,0.820689,0.0121856,0,0.207252,0.322,1189,1189,0,0.0972829,,,,,,,,,,,,,,,,,
S2,heavy/none,oracle_lpt,2,longest_first+sample+late+lpt+wait+oracle+v_fifo,0.846186,64,0,0,0,0,0,588572,0,0,0,69.401,69.401,69.222,31.745,27.0929,0.0243311,0.963942,0.0117268,0,0.208244,0.325,1185,1185,0,0.106492,,,,,,,,,,,,,,,,,
S2,heavy/none,oracle_lpt,3,longest_first+sample+late+lpt+wait+oracle+v_fifo,0.852109,64,0,0,0,0,0,601921,0,0,0,69.616,69.616,69.482,10.592,28.8824,0.0310098,0.957647,0.0113429,0,0.209678,0.315,1174,1174,0,0.109547,,,,,,,,,,,,,,,,,
S2,heavy/none,reference,1,fifo+group+early+round_robin+wait+prior+v_fifo,0.980023,64,0,0,0,0,0,564816,0,0,0,69.834,69.834,69.668,20.753,24.509,0.281598,0.716242,0.00216025,0,0.207252,0.322,1040,1040,0,0.157546,,,,,,,,,,,,,,,,,
S2,heavy/none,reference,2,fifo+group+early+round_robin+wait+prior+v_fifo,1.21121,64,0,0,0,0,0,588572,0,0,0,83.044,83.044,82.89,40.591,24.985,0.42647,0.571788,0.00174177,0,0.208244,0.325,1024,1024,0,0.324971,,,,,,,,,,,,,,,,,
S2,heavy/none,reference,3,fifo+group+early+round_robin+wait+prior+v_fifo,1.15831,64,0,0,0,0,0,601921,0,0,0,83.161,83.161,83.027,14.535,26.8097,0.317853,0.680386,0.00176148,0,0.209678,0.315,1034,1034,0,0.325845,,,,,,,,,,,,,,,,,
S2,light/group,fifo+sample+late+first_free,1,fifo+sample+late+first_free+wait+prior+v_fifo,0.904148,64,0,0,0,0,0,382408,0,0,0,23.212,23.212,23.018,4.584,13.4452,0.114459,0.866078,0.019463,0,0.207252,0.322,1140,1140,0,0.572266,,,,,,,,,,,,,,,,,
S2,light/group,fifo+sample+late+first_free,2,fifo+sample+late+first_free+wait+prior+v_fifo,1.0255,64,0,0,0,0,0,378349,0,0,0,25.743,25.743,25.589,6.997,13.5029,0.172462,0.810099,0.0174391,0,0.208244,0.325,1149,1149,0,0.577677,,,,,,,,,,,,,,,,,
S2,light/group,fifo+sample+late+first_free,3,fifo+sample+late+first_free+wait+prior+v_fifo,0.922371,64,0,0,0,0,0,381075,0,0,0,23.783,23.783,23.649,4.417,13.7338,0.109238,0.871548,0.0192133,0,0.209678,0.315,1159,1159,0,0.600073,,,,,,,,,,,,,,,,,
S2,light/group,longest_first+sample+late+lpt,1,longest_first+sample+late+lpt+wait+prior+v_fifo,0.830411,64,0,0,0,0,0,382408,0,0,0,21.632,21.632,21.367,2.254,14.6939,0.0822823,0.87039,0.0473277,0,0.207252,0.322,1146,1146,0,0.459493,,,,,,,,,,,,,,,,,
S2,light/group,longest_first+sample+late+lpt,2,longest_first+sample+late+lpt+wait+prior+v_fifo,0.81032,64,0,0,0,0,0,378349,0,0,0,21.237,21.237,21.014,2.145,14.5705,0.070923,0.882965,0.0461121,0,0.208244,0.325,1143,1143,0,0.295607,,,,,,,,,,,,,,,,,
S2,light/group,longest_first+sample+late+lpt,3,longest_first+sample+late+lpt+wait+prior+v_fifo,0.800518,64,0,0,0,0,0,381075,0,0,0,21.224,21.224,21.081,1.696,14.9338,0.0522686,0.900669,0.0470625,0,0.209678,0.315,1127,1127,0,0.426325,,,,,,,,,,,,,,,,,
S2,light/group,online_adaptive,1,longest_first+sample+late+lpt+wait+group_evidence(0.5)+v_fifo,0.830411,64,0,0,0,0,0,382408,0,0,0,21.632,21.632,21.367,2.254,14.6939,0.0822823,0.87039,0.0473277,0,0.207252,0.322,1146,1146,0,0.459493,,,,,,,,,,,,,,,,,
S2,light/group,online_adaptive,2,longest_first+sample+late+lpt+wait+group_evidence(0.5)+v_fifo,0.81032,64,0,0,0,0,0,378349,0,0,0,21.237,21.237,21.014,2.145,14.5705,0.070923,0.882965,0.0461121,0,0.208244,0.325,1143,1143,0,0.295607,,,,,,,,,,,,,,,,,
S2,light/group,online_adaptive,3,longest_first+sample+late+lpt+wait+group_evidence(0.5)+v_fifo,0.798273,64,0,0,0,0,0,381075,0,0,0,21.185,21.185,21.042,1.657,14.9309,0.0506249,0.902326,0.0470488,0,0.209678,0.315,1135,1135,0,0.423686,,,,,,,,,,,,,,,,,
S2,light/group,online_eb,1,longest_first+sample+late+lpt+isolate(2)+wait+eb(20)+v_fifo,0.829429,64,0,0,0,0,0,382408,0,0,0,21.614,21.614,21.349,2.224,14.6912,0.0816315,0.871212,0.0471568,0,0.207252,0.322,1143,1143,0,0.458263,,,,,,,,,,,,,,,,,
S2,light/group,online_eb,2,longest_first+sample+late+lpt+isolate(2)+wait+eb(20)+v_fifo,0.81566,64,0,0,0,0,0,378349,0,0,0,21.241,21.241,21.018,2.14,14.5723,0.0813113,0.872568,0.0461212,0,0.208244,0.325,1134,1134,0,0.295854,,,,,,,,,,,,,,,,,
S2,light/group,online_eb,3,longest_first+sample+late+lpt+isolate(2)+wait+eb(20)+v_fifo,0.802065,64,0,0,0,0,0,381075,0,0,0,21.251,21.251,21.108,1.723,14.9356,0.0533921,0.899517,0.0470912,0,0.209678,0.315,1135,1135,0,0.428151,,,,,,,,,,,,,,,,,
S2,light/group,oracle_lpt,1,longest_first+sample+late+lpt+wait+oracle+v_fifo,0.700952,64,0,0,0,0,0,382408,0,0,0,18.682,18.682,18.446,0.942,14.9976,0.038633,0.913626,0.0477407,0,0.207252,0.322,1180,1180,0,0.259971,,,,,,,,,,,,,,,,,
S2,light/group,oracle_lpt,2,longest_first+sample+late+lpt+wait+oracle+v_fifo,0.800135,64,0,0,0,0,0,378349,0,0,0,20.454,20.454,20.3,3.096,14.9372,0.107691,0.848097,0.0442118,0,0.208244,0.325,1183,1183,0,0.251586,,,,,,,,,,,,,,,,,
S2,light/group,oracle_lpt,3,longest_first+sample+late+lpt+wait+oracle+v_fifo,0.724531,64,0,0,0,0,0,381075,0,0,0,19.093,19.093,18.959,1.375,15.1353,0.055798,0.897997,0.046205,0,0.209678,0.315,1160,1160,0,0.282752,,,,,,,,,,,,,,,,,
S2,light/group,reference,1,fifo+group+early+round_robin+wait+prior+v_fifo,0.941327,64,0,0,0,0,0,382408,0,0,0,23.435,23.435,23.241,5.167,13.211,0.172545,0.82106,0.00639495,0,0.207252,0.322,1010,1010,0,0.587498,,,,,,,,,,,,,,,,,
S2,light/group,reference,2,fifo+group+early+round_robin+wait+prior+v_fifo,1.13251,64,0,0,0,0,0,378349,0,0,0,27.036,27.036,26.882,8.431,13.3462,0.292138,0.702491,0.00537069,0,0.208244,0.325,1016,1016,0,0.657396,,,,,,,,,,,,,,,,,
S2,light/group,reference,3,fifo+group+early+round_robin+wait+prior+v_fifo,1.03175,64,0,0,0,0,0,381075,0,0,0,25.114,25.114,24.98,5.471,13.5839,0.23087,0.763276,0.00585468,0,0.209678,0.315,1022,1022,0,0.690128,,,,,,,,,,,,,,,,,
S2,light/none,fifo+sample+late+first_free,1,fifo+sample+late+first_free+wait+prior+v_fifo,0.904148,64,0,0,0,0,0,382408,0,0,0,23.212,23.212,23.018,4.584,13.4452,0.114459,0.866078,0.019463,0,0.207252,0.322,1140,1140,0,0.572266,,,,,,,,,,,,,,,,,
S2,light/none,fifo+sample+late+first_free,2,fifo+sample+late+first_free+wait+prior+v_fifo,1.0255,64,0,0,0,0,0,378349,0,0,0,25.743,25.743,25.589,6.997,13.5029,0.172462,0.810099,0.0174391,0,0.208244,0.325,1149,1149,0,0.577677,,,,,,,,,,,,,,,,,
S2,light/none,fifo+sample+late+first_free,3,fifo+sample+late+first_free+wait+prior+v_fifo,0.922371,64,0,0,0,0,0,381075,0,0,0,23.783,23.783,23.649,4.417,13.7338,0.109238,0.871548,0.0192133,0,0.209678,0.315,1159,1159,0,0.600073,,,,,,,,,,,,,,,,,
S2,light/none,longest_first+sample+late+lpt,1,longest_first+sample+late+lpt+wait+prior+v_fifo,0.926223,64,0,0,0,0,0,382408,0,0,0,23.915,23.915,23.721,4.846,13.9957,0.10731,0.849901,0.0427891,0,0.207252,0.322,1163,1163,0,0.620285,,,,,,,,,,,,,,,,,
S2,light/none,longest_first+sample+late+lpt,2,longest_first+sample+late+lpt+wait+prior+v_fifo,1.04413,64,0,0,0,0,0,378349,0,0,0,26.341,26.341,26.187,6.95,14.0694,0.166089,0.795695,0.0382155,0,0.208244,0.325,1155,1155,0,0.614546,,,,,,,,,,,,,,,,,
S2,light/none,longest_first+sample+late+lpt,3,longest_first+sample+late+lpt+wait+prior+v_fifo,0.930313,64,0,0,0,0,0,381075,0,0,0,24.359,24.359,24.225,4.568,14.2529,0.0830908,0.876961,0.0399484,0,0.209678,0.315,1136,1136,0,0.639045,,,,,,,,,,,,,,,,,
S2,light/none,online_adaptive,1,longest_first+sample+late+lpt+wait+group_evidence(1)+v_fifo,0.926226,64,0,0,0,0,0,382408,0,0,0,23.915,23.915,23.721,4.84,13.9958,0.107315,0.849896,0.0427891,0,0.207252,0.322,1163,1163,0,0.620285,,,,,,,,,,,,,,,,,
S2,light/none,online_adaptive,2,longest_first+sample+late+lpt+wait+group_evidence(1)+v_fifo,1.04413,64,0,0,0,0,0,378349,0,0,0,26.341,26.341,26.187,6.95,14.0694,0.166089,0.795695,0.0382155,0,0.208244,0.325,1155,1155,0,0.614546,,,,,,,,,,,,,,,,,
S2,light/none,online_adaptive,3,longest_first+sample+late+lpt+wait+group_evidence(1)+v_fifo,0.930313,64,0,0,0,0,0,381075,0,0,0,24.359,24.359,24.225,4.568,14.2529,0.0830908,0.876961,0.0399484,0,0.209678,0.315,1136,1136,0,0.639045,,,,,,,,,,,,,,,,,
S2,light/none,online_eb,1,longest_first+sample+late+lpt+isolate(2)+wait+eb(20)+v_fifo,0.925881,64,0,0,0,0,0,382408,0,0,0,23.908,23.908,23.714,4.82,13.9985,0.107136,0.850178,0.0426858,0,0.207252,0.322,1159,1159,0,0.619807,,,,,,,,,,,,,,,,,
S2,light/none,online_eb,2,longest_first+sample+late+lpt+isolate(2)+wait+eb(20)+v_fifo,1.04265,64,0,0,0,0,0,378349,0,0,0,26.314,26.314,26.16,6.904,14.0689,0.165104,0.796569,0.0383266,0,0.208244,0.325,1150,1150,0,0.612881,,,,,,,,,,,,,,,,,
S2,light/none,online_eb,3,longest_first+sample+late+lpt+isolate(2)+wait+eb(20)+v_fifo,0.944194,64,0,0,0,0,0,381075,0,0,0,24.415,24.415,24.281,4.677,14.2472,0.106766,0.853677,0.0395577,0,0.209678,0.315,1127,1127,0,0.642834,,,,,,,,,,,,,,,,,
S2,light/none,oracle_lpt,1,longest_first+sample+late+lpt+wait+oracle+v_fifo,0.700952,64,0,0,0,0,0,382408,0,0,0,18.682,18.682,18.446,0.942,14.9976,0.038633,0.913626,0.0477407,0,0.207252,0.322,1180,1180,0,0.259971,,,,,,,,,,,,,,,,,
S2,light/none,oracle_lpt,2,longest_first+sample+late+lpt+wait+oracle+v_fifo,0.800135,64,0,0,0,0,0,378349,0,0,0,20.454,20.454,20.3,3.096,14.9372,0.107691,0.848097,0.0442118,0,0.208244,0.325,1183,1183,0,0.251586,,,,,,,,,,,,,,,,,
S2,light/none,oracle_lpt,3,longest_first+sample+late+lpt+wait+oracle+v_fifo,0.724531,64,0,0,0,0,0,381075,0,0,0,19.093,19.093,18.959,1.375,15.1353,0.055798,0.897997,0.046205,0,0.209678,0.315,1160,1160,0,0.282752,,,,,,,,,,,,,,,,,
S2,light/none,reference,1,fifo+group+early+round_robin+wait+prior+v_fifo,0.941327,64,0,0,0,0,0,382408,0,0,0,23.435,23.435,23.241,5.167,13.211,0.172545,0.82106,0.00639495,0,0.207252,0.322,1010,1010,0,0.587498,,,,,,,,,,,,,,,,,
S2,light/none,reference,2,fifo+group+early+round_robin+wait+prior+v_fifo,1.13251,64,0,0,0,0,0,378349,0,0,0,27.036,27.036,26.882,8.431,13.3462,0.292138,0.702491,0.00537069,0,0.208244,0.325,1016,1016,0,0.657396,,,,,,,,,,,,,,,,,
S2,light/none,reference,3,fifo+group+early+round_robin+wait+prior+v_fifo,1.03175,64,0,0,0,0,0,381075,0,0,0,25.114,25.114,24.98,5.471,13.5839,0.23087,0.763276,0.00585468,0,0.209678,0.315,1022,1022,0,0.690128,,,,,,,,,,,,,,,,,
S3,eta0,best_s2+carry,1,longest_first+sample+late+least_loaded+carry(1.25)+prior+v_fifo,1.6195,768,192,0,0,192,0,5586692,4012672,0.418014,-0.323818,792.768,,,,,0.499972,,,,1.58565,6.182,17354,17354,0,,578.769,64.3077,68.587,7.96173,12011,0.218684,0.37564,0.0227929,0.101595,0.78126,50.241,8.95067,13.134,0,0,0,0.113549
S3,eta0,best_s2+carry,2,longest_first+sample+late+least_loaded+carry(1.25)+prior+v_fifo,1.6778,768,192,0,0,192,0,5724325,4185086,0.422334,-0.329379,824.535,,,,,0.500537,,,,1.38788,5.845,17430,17430,0,,623.709,69.301,84.201,7.38806,11832,0.212438,0.379759,0.0212366,0.0984674,0.788635,54.6532,7.25956,13.895,0,0,0,0.112793
S3,eta0,best_s2+carry,3,longest_first+sample+late+least_loaded+carry(1.25)+prior+v_fifo,1.63963,768,192,0,0,192,0,5716388,4107604,0.41812,-0.313883,836.084,,,,,0.501044,,,,1.15885,5.28,17489,17489,0,,608.679,67.631,72.695,7.57049,11517.3,0.213982,0.378737,0.0216655,0.0985536,0.788107,53.3004,8.74133,12.516,0,0,0,0.0716833
S3,eta0,best_s2+wait,1,longest_first+sample+late+least_loaded+wait+prior+v_fifo,1.31305,768,0,0,0,0,0,8311508,0,0,0,1226.49,,,,,0.569124,,,,1.61213,6.387,14028,14028,0,,918.552,102.061,116.343,5.01659,6529.77,0.317068,0.333148,0.0132165,0.0845113,0.821179,83.8107,20.5849,34.761,0,0,0,0.0858845
S3,eta0,best_s2+wait,2,longest_first+sample+late+least_loaded+wait+prior+v_fifo,1.3134,768,0,0,0,0,0,8566042,0,0,0,1252.37,,,,,0.565653,,,,1.52189,6.517,14066,14066,0,,925.483,102.831,112.916,4.97902,6842.77,0.311942,0.335868,0.0130231,0.0854559,0.819364,84.2563,15.5054,32.577,0,0,0,0.147207
S3,eta0,best_s2+wait,3,longest_first+sample+late+least_loaded+wait+prior+v_fifo,1.29263,768,0,0,0,0,0,8221237,0,0,0,1215.23,,,,,0.582696,,,,1.30308,5.783,14020,14020,0,,908.526,100.947,108.887,5.07195,6418.46,0.341897,0.32067,0.0133349,0.0832992,0.823495,83.1297,16.7809,27.499,0,0,0,0.105581
S3,eta0,reference,1,fifo+group+early+round_robin+wait+prior+v_fifo,1.41069,768,0,0,0,0,0,8155713,0,0,0,1269.79,,,,,0.628283,,,,1.58072,6.355,12502,12502,0,,969.629,107.737,118.078,4.75233,6286.59,0.424067,0.284812,0.00779531,0.0791096,0.832499,89.6906,25.2717,41.377,0,0,0,0.0712296
S3,eta0,reference,2,fifo+group+early+round_robin+wait+prior+v_fifo,1.35173,768,0,0,0,0,0,8334367,0,0,0,1279.89,,,,,0.607804,,,,1.41215,6.342,12503,12503,0,,941.241,104.582,110.907,4.89566,6691.43,0.390946,0.301299,0.00800871,0.0828879,0.824662,86.2451,17.2684,33.008,0,0,0,0.098208
S3,eta0,reference,3,fifo+group+early+round_robin+wait+prior+v_fifo,1.34845,768,0,0,0,0,0,7979862,0,0,0,1247.39,,,,,0.625421,,,,1.29103,5.736,12508,12508,0,,940.026,104.447,113.708,4.90199,6253.19,0.420662,0.286409,0.00804718,0.0801228,0.83018,86.7101,21.4379,28.34,0,0,0,0.0850849
S3,eta1,best_s2+carry,1,longest_first+sample+late+least_loaded+carry(1.5)+prior+v_fifo,1.36941,768,142,76,0,142,0,6275858,3085763,0.329618,-0.247235,681.645,,,,,0.371423,,,,1.56065,6.297,17315,17315,0,,514.528,57.1698,77.648,8.95578,13293.9,0,0.488875,0.0198709,0.119831,0.742846,42.4683,8.03522,14.469,0.975694,1,0.987969,0.0913633
S3,eta1,best_s2+carry,2,longest_first+sample+late+least_loaded+carry(1.5)+prior+v_fifo,1.3798,768,149,64,0,149,0,6597649,3060086,0.316853,-0.224935,708.135,,,,,0.371669,,,,1.37638,5.775,17300,17300,0,,548.683,60.9648,81.588,8.39829,13111.4,0,0.489911,0.01829,0.120129,0.743338,45.3174,9.60233,17.455,0.972222,1,0.988911,0.231356
S3,eta1,best_s2+carry,3,longest_first+sample+late+least_loaded+carry(1.5)+prior+v_fifo,1.38589,768,148,69,0,148,0,6349033,3140311,0.33093,-0.240947,690.93,,,,,0.368888,,,,1.15011,5.191,17340,17340,0,,518.418,57.602,73.33,8.88858,12868.5,0.000160585,0.489181,0.0194189,0.122512,0.737615,42.4881,8.80533,21.846,0.977431,1,0.99144,0.150674
S3,eta1,best_s2+wait,1,longest_first+sample+late+least_loaded+wait+prior+v_fifo,1.15453,768,0,64,0,0,0,8311508,0,0,0,1015.69,,,,,0.472147,,,,1.61213,6.387,14959,14959,0,,749.796,83.3107,96.212,6.14567,7999.42,0.163361,0.40813,0.0161911,0.103532,0.780932,65.06,20.5849,34.761,1,1,1,0.0858845
S3,eta1,best_s2+wait,2,longest_first+sample+late+least_loaded+wait+prior+v_fifo,1.14827,768,0,64,0,0,0,8566042,0,0,0,1038.68,,,,,0.464327,,,,1.52189,6.517,14892,14892,0,,752.599,83.6221,94.727,6.12278,8414.67,0.150786,0.414785,0.0158009,0.105087,0.777868,65.047,15.6184,32.577,1,1,1,0.147207
S3,eta1,best_s2+wait,3,longest_first+sample+late+least_loaded+wait+prior+v_fifo,1.13361,768,0,64,0,0,0,8221237,0,0,0,1006.44,,,,,0.491169,,,,1.30329,5.765,14964,14964,0,,741.363,82.3737,90.9,6.21558,7865.69,0.198641,0.390863,0.0158862,0.102082,0.783697,64.556,17.2486,26.318,1,1,1,0.105581
S3,eta1,reference,1,fifo+group+early+round_robin+wait+prior+v_fifo,1.33937,768,0,64,0,0,0,8155713,0,0,0,1131.99,,,,,0.575727,,,,1.5804,6.355,13519,13519,0,,869.376,96.5973,143.54,5.30035,7011.54,0.338271,0.327335,0.00870589,0.0882322,0.813183,78.5513,24.4947,34.925,0.994792,1,0.994816,0.0712296
S3,eta1,reference,2,fifo+group+early+round_robin+wait+prior+v_fifo,1.32687,768,0,64,0,0,0,8334367,0,0,0,1123.12,,,,,0.543959,,,,1.41215,6.342,13329,13329,0,,822.019,91.3354,130.122,5.60571,7661.92,0.288686,0.351951,0.00917991,0.0949096,0.799232,72.9982,21.5566,57.329,0.998264,1,0.994166,0.098208
S3,eta1,reference,3,fifo+group+early+round_robin+wait+prior+v_fifo,1.48359,768,0,64,0,0,0,7979862,0,0,0,1191.9,,,,,0.597262,,,,1.29115,5.736,13379,13379,0,,911.154,101.239,143.734,5.05732,6451.34,0.369726,0.311736,0.00834025,0.0826617,0.824799,83.5021,32.1087,69.829,0.986111,1,0.982101,0.0850849
S3,eta1-interrupt,best_s2+carry,1,longest_first+sample+late+least_loaded+carry(1.25)+prior+v_fifo,1.37216,768,143,68,0,143,0,6168702,3065161,0.331948,-0.252703,651.636,,,,,0.360542,,,,1.41981,6.034,17465,17465,0,,466.711,51.8568,61.75,9.87335,14482.8,0.00402631,0.471397,0.0362315,0.131829,0.717058,37.1843,7.61533,12.891,0.878472,1,0.634225,0.103234
S3,eta1-interrupt,best_s2+carry,2,longest_first+sample+late+least_loaded+carry(1.25)+prior+v_fifo,1.39493,768,146,66,0,146,0,6361468,3181534,0.333389,-0.250046,659.157,,,,,0.359578,,,,1.3265,5.775,17617,17617,0,,491,54.5556,67.331,9.38493,14665,0.000155295,0.473437,0.0356506,0.131335,0.719,39.2254,7.10589,10.972,0.897569,1,0.63746,0.181727
S3,eta1-interrupt,best_s2+carry,3,longest_first+sample+late+least_loaded+carry(1.25)+prior+v_fifo,1.4096,768,153,73,0,153,0,6308321,3203104,0.336764,-0.242009,679.539,,,,,0.366926,,,,1.15797,5.28,17781,17781,0,,491.87,54.6522,68.873,9.36833,14068.2,0.00519217,0.470912,0.0356404,0.126521,0.72866,39.8229,9.48922,16.266,0.920139,1,0.643267,0.0923259
S3,eta1-interrupt,best_s2+wait,1,longest_first+sample+late+least_loaded+wait+prior+v_fifo,1.27031,768,0,64,0,0,0,8311508,0,0,0,1034.86,,,,,0.476112,,,,1.60268,6.384,14964,14964,0,,765.394,85.0438,97.433,6.02043,7836.4,0.166828,0.399816,0.0226497,0.101422,0.785397,66.7931,20.5624,34.346,1,1,0.612492,0.0858845
S3,eta1-interrupt,best_s2+wait,2,longest_first+sample+late+least_loaded+wait+prior+v_fifo,1.26791,768,0,64,0,0,0,8566042,0,0,0,1059.27,,,,,0.470951,,,,1.52046,6.517,14889,14889,0,,769.848,85.5387,96.96,5.9856,8226.13,0.159056,0.403771,0.0225463,0.102732,0.782845,66.9636,15.4947,32.433,1,1,0.598362,0.147207
S3,eta1-interrupt,best_s2+wait,3,longest_first+sample+late+least_loaded+wait+prior+v_fifo,1.252,768,0,64,0,0,0,8221237,0,0,0,1026.8,,,,,0.493385,,,,1.30308,5.783,14920,14920,0,,758.814,84.3127,91.086,6.07263,7684.8,0.198098,0.38394,0.0229414,0.0997339,0.788672,66.495,16.7606,27.494,1,1,0.62194,0.105581
S3,eta1-interrupt,reference,1,fifo+group+early+round_robin+wait+prior+v_fifo,1.39575,768,0,64,0,0,0,8155713,0,0,0,1086.25,,,,,0.554162,,,,1.57376,6.355,13510,13510,0,,820.119,91.1243,100.115,5.6187,7432.66,0.306361,0.336737,0.0155692,0.0935315,0.801963,73.0783,25.1999,41.377,0.994792,1,0.627039,0.0712296
S3,eta1-interrupt,reference,2,fifo+group+early+round_robin+wait+prior+v_fifo,1.32329,768,0,64,0,0,0,8334367,0,0,0,1095.93,,,,,0.526448,,,,1.41162,6.342,13328,13328,0,,790.906,87.8784,93.095,5.82623,7963.33,0.261561,0.358573,0.0163357,0.0986432,0.791334,69.5412,17.3873,33.099,0.998264,1,0.61644,0.098208
S3,eta1-interrupt,reference,3,fifo+group+early+round_robin+wait+prior+v_fifo,1.32879,768,0,64,0,0,0,7979862,0,0,0,1067.06,,,,,0.549675,,,,1.29103,5.736,13379,13379,0,,793.48,88.1644,99.125,5.80733,7408.08,0.300533,0.339308,0.0160964,0.0949205,0.798817,70.4272,21.682,29.735,0.986111,1,0.626149,0.0850849
S3,eta1-swap,best_s2+carry,1,longest_first+sample+late+least_loaded+carry(1.25)+prior+v_fifo,1.38075,768,153,60,0,153,0,6015691,3259652,0.351432,-0.272526,620.442,,,,,0.353787,,,,1.44099,6.107,17489,17489,0,,439.209,48.801,59.65,10.4916,15412.4,0.00182829,0.485294,0.0240375,0.136881,0.705746,34.4411,6.71767,11.347,0.920139,1,0.648327,0.0782176
S3,eta1-swap,best_s2+carry,2,longest_first+sample+late+least_loaded+carry(1.25)+prior+v_fifo,1.3813,768,151,64,0,151,0,6403696,3193253,0.332736,-0.246334,643.52,,,,,0.356137,,,,1.45974,6.025,17664,17664,0,,476.27,52.9189,68.951,9.67518,15139.2,0.00388724,0.484911,0.0225941,0.136359,0.708386,37.487,7.53522,10.64,0.913194,1,0.648977,0.166248
S3,eta1-swap,best_s2+carry,3,longest_first+sample+late+least_loaded+carry(1.25)+prior+v_fifo,1.40555,768,156,73,0,156,0,6291300,3248489,0.34052,-0.246033,663.437,,,,,0.36316,,,,1.18458,5.361,17799,17799,0,,479.275,53.2528,66.33,9.61452,14404.6,0.00404387,0.485303,0.0220639,0.129473,0.722276,38.4632,8.85344,14.028,0.888889,1,0.630614,0.091422
S3,eta1-swap,best_s2+wait,1,longest_first+sample+late+least_loaded+wait+prior+v_fifo,1.27645,768,0,64,0,0,0,8311508,0,0,0,1021.2,,,,,0.475296,,,,1.60585,6.387,14939,14939,0,,754.301,83.8112,96.713,6.10897,7951.64,0.168352,0.405695,0.0160944,0.102914,0.782241,65.5606,20.585,34.761,1,1,0.612492,0.0858845
S3,eta1-swap,best_s2+wait,2,longest_first+sample+late+least_loaded+wait+prior+v_fifo,1.27262,768,0,64,0,0,0,8566042,0,0,0,1045.39,,,,,0.469895,,,,1.5206,6.517,14864,14864,0,,758.308,84.2564,95.227,6.07669,8351.32,0.160249,0.409916,0.0158941,0.104295,0.779541,65.6813,15.5049,32.577,1,1,0.598362,0.147207
S3,eta1-swap,best_s2+wait,3,longest_first+sample+late+least_loaded+wait+prior+v_fifo,1.25739,768,0,64,0,0,0,8221237,0,0,0,1013.65,,,,,0.493251,,,,1.30308,5.783,14900,14900,0,,748.169,83.1299,89.788,6.15904,7794.14,0.200838,0.389403,0.0161929,0.101153,0.785665,65.3122,16.7804,27.498,1,1,0.62194,0.105581
S3,eta1-swap,reference,1,fifo+group+early+round_robin+wait+prior+v_fifo,1.40016,768,0,64,0,0,0,8155713,0,0,0,1070.52,,,,,0.553493,,,,1.57688,6.355,13479,13479,0,,807.221,89.6912,98.63,5.70847,7551.42,0.308187,0.342118,0.00936368,0.095026,0.798799,71.6452,25.2719,41.377,0.994792,1,0.627039,0.0712296
S3,eta1-swap,reference,2,fifo+group+early+round_robin+wait+prior+v_fifo,1.32344,768,0,64,0,0,0,8334367,0,0,0,1078.31,,,,,0.524417,,,,1.41162,6.342,13301,13301,0,,776.213,86.2459,91.408,5.93651,8114.07,0.26145,0.365361,0.00971141,0.10051,0.787384,67.9087,17.2682,33.008,0.998264,1,0.61644,0.098208
S3,eta1-swap,reference,3,fifo+group+early+round_robin+wait+prior+v_fifo,1.32774,768,0,64,0,0,0,7979862,0,0,0,1050.8,,,,,0.548798,,,,1.29103,5.736,13337,13337,0,,780.397,86.7108,96.929,5.90469,7532.27,0.302153,0.344997,0.00969322,0.0965118,0.795444,68.9736,21.438,28.34,0.986111,1,0.626149,0.0850849
S3,eta2,best_s2+carry,1,longest_first+sample+late+least_loaded+carry(2)+prior+v_fifo,0.661931,768,4,64,0,4,0,7880874,128218,0.0160091,-0.0112468,580.212,,,,,0.302089,,,,1.48897,6.121,16163,16163,0,,422.397,46.933,70.718,10.9092,14177.7,0,0.489455,0.0211985,0.187257,0.604178,28.3559,3.88833,6.048,1.23611,2,0.955111,0.370347
S3,eta2,best_s2+carry,2,longest_first+sample+late+least_loaded+carry(2)+prior+v_fifo,0.676154,768,5,55,0,5,0,8158316,106529,0.0128894,-0.00686726,597.612,,,,,0.305888,,,,1.42634,6.244,16011,16011,0,,439.017,48.7797,73.003,10.4962,14680.3,0,0.490206,0.0200446,0.183862,0.611776,29.8422,3.77444,6.604,1.17361,2,0.946914,0.338693
S3,eta2,best_s2+carry,3,longest_first+sample+late+least_loaded+carry(2)+prior+v_fifo,0.655686,768,4,45,0,4,0,7825467,116365,0.0146522,-0.00983171,573.699,,,,,0.299368,,,,1.2468,5.639,15650,15650,0,,409.702,45.5224,57.04,11.2472,14135.4,0,0.489973,0.0210109,0.189649,0.598735,27.2559,5.70489,10.844,1.15451,2,0.935038,0.323165
S3,eta2,best_s2+wait,1,longest_first+sample+late+least_loaded+wait+prior+v_fifo,1.15453,768,0,64,0,0,0,8311508,0,0,0,1015.69,,,,,0.472147,,,,1.61213,6.387,14959,14959,0,,749.796,83.3107,96.212,6.14567,7999.42,0.163361,0.40813,0.0161911,0.103532,0.780932,65.06,20.5849,34.761,1,1,1,0.0858845
S3,eta2,best_s2+wait,2,longest_first+sample+late+least_loaded+wait+prior+v_fifo,1.14827,768,0,64,0,0,0,8566042,0,0,0,1038.68,,,,,0.464327,,,,1.52189,6.517,14892,14892,0,,752.599,83.6221,94.727,6.12278,8414.67,0.150786,0.414785,0.0158009,0.105087,0.777868,65.047,15.6184,32.577,1,1,1,0.147207
S3,eta2,best_s2+wait,3,longest_first+sample+late+least_loaded+wait+prior+v_fifo,1.13361,768,0,64,0,0,0,8221237,0,0,0,1006.44,,,,,0.491169,,,,1.30329,5.765,14964,14964,0,,741.363,82.3737,90.9,6.21558,7865.69,0.198641,0.390863,0.0158862,0.102082,0.783697,64.556,17.2486,26.318,1,1,1,0.105581
S3,eta2,reference,1,fifo+group+early+round_robin+wait+prior+v_fifo,1.33937,768,0,64,0,0,0,8155713,0,0,0,1131.99,,,,,0.575727,,,,1.5804,6.355,13519,13519,0,,869.376,96.5973,143.54,5.30035,7011.54,0.338271,0.327335,0.00870589,0.0882322,0.813183,78.5513,24.4947,34.925,0.994792,1,0.994816,0.0712296
S3,eta2,reference,2,fifo+group+early+round_robin+wait+prior+v_fifo,1.32687,768,0,64,0,0,0,8334367,0,0,0,1123.12,,,,,0.543959,,,,1.41215,6.342,13329,13329,0,,822.019,91.3354,130.122,5.60571,7661.92,0.288686,0.351951,0.00917991,0.0949096,0.799232,72.9982,21.5566,57.329,0.998264,1,0.994166,0.098208
S3,eta2,reference,3,fifo+group+early+round_robin+wait+prior+v_fifo,1.48359,768,0,64,0,0,0,7979862,0,0,0,1191.9,,,,,0.597262,,,,1.29115,5.736,13379,13379,0,,911.154,101.239,143.734,5.05732,6451.34,0.369726,0.311736,0.00834025,0.0826617,0.824799,83.5021,32.1087,69.829,0.986111,1,0.982101,0.0850849
S3,eta4,best_s2+carry,1,longest_first+sample+late+least_loaded+carry(2)+prior+v_fifo,0.626395,768,0,63,0,0,0,7957625,0,0,0,576.451,,,,,0.299496,,,,1.50251,6.112,16050,16050,0,,417.546,46.394,71.128,11.0359,14237.8,0,0.489456,0.0213218,0.189726,0.598993,27.7897,3.93867,5.406,1.25347,3,0.954146,0.347302
S3,eta4,best_s2+carry,2,longest_first+sample+late+least_loaded+carry(2)+prior+v_fifo,0.644614,768,0,55,0,0,0,8228361,0,0,0,588.587,,,,,0.300388,,,,1.42781,6.244,15951,15951,0,,430.275,47.8083,74.224,10.7094,14823.3,0,0.489974,0.0204846,0.189153,0.600776,28.7221,3.98444,6.87,1.21528,3,0.947184,0.329618
S3,eta4,best_s2+carry,3,longest_first+sample+late+least_loaded+carry(2)+prior+v_fifo,0.613841,768,0,45,0,0,0,7838263,0,0,0,560.538,,,,,0.292,,,,1.27477,5.644,15729,15729,0,,397.372,44.1524,56.31,11.5962,14540.8,0,0.489337,0.0219876,0.196676,0.583999,25.785,4.99611,10.844,1.20139,3,0.939893,0.331915
S3,eta4,best_s2+wait,1,longest_first+sample+late+least_loaded+wait+prior+v_fifo,1.15453,768,0,64,0,0,0,8311508,0,0,0,1015.69,,,,,0.472147,,,,1.61213,6.387,14959,14959,0,,749.796,83.3107,96.212,6.14567,7999.42,0.163361,0.40813,0.0161911,0.103532,0.780932,65.06,20.5849,34.761,1,1,1,0.0858845
S3,eta4,best_s2+wait,2,longest_first+sample+late+least_loaded+wait+prior+v_fifo,1.14827,768,0,64,0,0,0,8566042,0,0,0,1038.68,,,,,0.464327,,,,1.52189,6.517,14892,14892,0,,752.599,83.6221,94.727,6.12278,8414.67,0.150786,0.414785,0.0158009,0.105087,0.777868,65.047,15.6184,32.577,1,1,1,0.147207
S3,eta4,best_s2+wait,3,longest_first+sample+late+least_loaded+wait+prior+v_fifo,1.13361,768,0,64,0,0,0,8221237,0,0,0,1006.44,,,,,0.491169,,,,1.30329,5.765,14964,14964,0,,741.363,82.3737,90.9,6.21558,7865.69,0.198641,0.390863,0.0158862,0.102082,0.783697,64.556,17.2486,26.318,1,1,1,0.105581
S3,eta4,reference,1,fifo+group+early+round_robin+wait+prior+v_fifo,1.33937,768,0,64,0,0,0,8155713,0,0,0,1131.99,,,,,0.575727,,,,1.5804,6.355,13519,13519,0,,869.376,96.5973,143.54,5.30035,7011.54,0.338271,0.327335,0.00870589,0.0882322,0.813183,78.5513,24.4947,34.925,0.994792,1,0.994816,0.0712296
S3,eta4,reference,2,fifo+group+early+round_robin+wait+prior+v_fifo,1.32687,768,0,64,0,0,0,8334367,0,0,0,1123.12,,,,,0.543959,,,,1.41215,6.342,13329,13329,0,,822.019,91.3354,130.122,5.60571,7661.92,0.288686,0.351951,0.00917991,0.0949096,0.799232,72.9982,21.5566,57.329,0.998264,1,0.994166,0.098208
S3,eta4,reference,3,fifo+group+early+round_robin+wait+prior+v_fifo,1.48359,768,0,64,0,0,0,7979862,0,0,0,1191.9,,,,,0.597262,,,,1.29115,5.736,13379,13379,0,,911.154,101.239,143.734,5.05732,6451.34,0.369726,0.311736,0.00834025,0.0826617,0.824799,83.5021,32.1087,69.829,0.986111,1,0.982101,0.0850849
S5,servers16,best_s2+v_fifo,1,longest_first+sample+late+least_loaded+wait+prior+v_fifo,1.2499,768,0,64,0,0,0,8838125,0,0,0,1137.26,,,,,0.516697,,,,18.5943,35.247,14903,14903,0,,854.767,94.9741,129.156,5.39094,7464.63,0.241635,0.369392,0.0150554,0.0988562,0.791758,75.1966,17.8366,49.44,1,1,1,0.0803419
S5,servers16,best_s2+v_fifo,2,longest_first+sample+late+least_loaded+wait+prior+v_fifo,1.18949,768,0,64,0,0,0,9192146,0,0,0,1165.84,,,,,0.505212,,,,19.839,41.056,14841,14841,0,,852.743,94.7492,103.934,5.40374,7970.9,0.224894,0.377767,0.0150633,0.101958,0.78553,74.4283,14.2203,26.67,1,1,1,0.137186
S5,servers16,best_s2+v_fifo,3,longest_first+sample+late+least_loaded+wait+prior+v_fifo,1.24381,768,0,64,0,0,0,8875863,0,0,0,1147.58,,,,,0.529182,,,,18.7394,35.007,14957,14957,0,,859.596,95.5107,116.732,5.36066,7335.88,0.265236,0.357556,0.015061,0.0982008,0.793128,75.7522,17.2517,41.952,1,1,1,0.110882
S5,servers16,best_s2+v_group_first,1,longest_first+sample+late+least_loaded+wait+prior+v_group_first,1.28353,768,0,64,0,0,0,8838125,0,0,0,1154.78,,,,,0.520016,,,,18.5798,44.498,14950,14950,0,,860.678,95.6309,134.968,5.35392,7413.36,0.246843,0.366855,0.014952,0.0981773,0.793189,75.8533,20.1506,60.655,1,1,1,0.0803419
S5,servers16,best_s2+v_group_first,2,longest_first+sample+late+least_loaded+wait+prior+v_group_first,1.20866,768,0,64,0,0,0,9192146,0,0,0,1168.68,,,,,0.505687,,,,19.1812,46.977,14872,14872,0,,853.563,94.8403,119.164,5.39855,7963.25,0.225638,0.377404,0.0150488,0.10186,0.785736,74.5194,16.7918,34.502,1,1,1,0.137186
S5,servers16,best_s2+v_group_first,3,longest_first+sample+late+least_loaded+wait+prior+v_group_first,1.29313,768,0,64,0,0,0,8875863,0,0,0,1162.07,,,,,0.542425,,,,19.2198,44.679,14974,14974,0,,884.473,98.2748,125.128,5.20988,7129.54,0.285902,0.347499,0.0146374,0.0954388,0.798947,78.5163,19.6961,49.385,1,1,1,0.110882
S5,servers16,best_s2+v_shortest_first,1,longest_first+sample+late+least_loaded+wait+prior+v_shortest_first,1.25005,768,0,64,0,0,0,8838125,0,0,0,1137.6,,,,,0.51679,,,,14.3908,35.301,14939,14939,0,,854.932,94.9924,129.002,5.3899,7463.19,0.241781,0.369321,0.0150525,0.0988371,0.791799,75.2149,17.8008,49.411,1,1,1,0.0803419
S5,servers16,best_s2+v_shortest_first,2,longest_first+sample+late+least_loaded+wait+prior+v_shortest_first,1.19024,768,0,64,0,0,0,9192146,0,0,0,1166.2,,,,,0.505451,,,,15.2278,40.986,14879,14879,0,,853.155,94.795,104.04,5.40113,7967.05,0.225268,0.377584,0.015056,0.101909,0.785633,74.4741,14.2584,26.759,1,1,1,0.137186
S5,servers16,best_s2+v_shortest_first,3,longest_first+sample+late+least_loaded+wait+prior+v_shortest_first,1.24403,768,0,64,0,0,0,8875863,0,0,0,1148.12,,,,,0.529346,,,,14.1634,34.803,14996,14996,0,,859.895,95.5439,116.791,5.35879,7333.33,0.265491,0.357432,0.0150558,0.0981666,0.7932,75.7854,17.2529,41.881,1,1,1,0.110882
S5,servers16,reference,1,fifo+group+early+round_robin+wait+prior+v_fifo,1.30476,768,0,64,0,0,0,8671451,0,0,0,1179.92,,,,,0.564018,,,,18.9119,37,13424,13424,0,,885.669,98.4077,126.318,5.20285,7309.19,0.326265,0.333287,0.0086616,0.0940334,0.801771,78.9004,20.2382,49.214,0.994792,1,0.994926,0.0720081
S5,servers16,reference,2,fifo+group+early+round_robin+wait+prior+v_fifo,1.35577,768,0,64,0,0,0,8945817,0,0,0,1219.69,,,,,0.556827,,,,19.2326,36.492,13276,13276,0,,895.094,99.4549,145.491,5.14806,7549.27,0.315574,0.338678,0.00856279,0.0959329,0.798079,79.3729,19.8121,68.67,0.994792,1,0.993052,0.0937886
S5,servers16,reference,3,fifo+group+early+round_robin+wait+prior+v_fifo,1.51993,768,0,64,0,0,0,8603718,0,0,0,1341.45,,,,,0.616844,,,,17.307,32.735,13271,13271,0,,1023.18,113.686,144.729,4.50362,6214.16,0.406727,0.293474,0.00756089,0.0821217,0.82696,94.014,37.2874,69.829,0.984375,1,0.980566,0.0997812
S5,servers32,best_s2+v_fifo,1,longest_first+sample+late+least_loaded+wait+prior+v_fifo,1.11074,768,0,64,0,0,0,8838125,0,0,0,1036.87,,,,,0.460036,,,,4.26469,10.887,14951,14951,0,,765.073,85.0081,97.529,6.02295,8339.75,0.152727,0.412698,0.0168205,0.110446,0.767345,65.2306,16.6131,29.259,1,1,1,0.0803419
S5,servers32,best_s2+v_fifo,2,longest_first+sample+late+least_loaded+wait+prior+v_fifo,1.19286,768,0,64,0,0,0,9192146,0,0,0,1105.6,,,,,0.471403,,,,4.72796,12.792,14895,14895,0,,796.423,88.4914,102.653,5.78587,8534.58,0.172443,0.403512,0.0159166,0.109168,0.770363,68.1706,15.681,47.377,1,1,1,0.137186
S5,servers32,best_s2+v_fifo,3,longest_first+sample+late+least_loaded+wait+prior+v_fifo,1.13133,768,0,64,0,0,0,8875863,0,0,0,1054.68,,,,,0.480979,,,,4.11644,10.542,15015,15015,0,,779.754,86.6393,95.043,5.90956,8087.02,0.190012,0.394372,0.0163924,0.108256,0.771946,66.8809,15.5374,26.978,1,1,1,0.110882
S5,servers32,best_s2+v_group_first,1,longest_first+sample+late+least_loaded+wait+prior+v_group_first,1.11074,768,0,64,0,0,0,8838125,0,0,0,1036.87,,,,,0.460036,,,,4.19659,12.669,14921,14921,0,,765.073,85.0081,97.529,6.02295,8339.75,0.152727,0.412698,0.0168205,0.110446,0.767345,65.2306,16.6131,29.259,1,1,1,0.0803419
S5,servers32,best_s2+v_group_first,2,longest_first+sample+late+least_loaded+wait+prior+v_group_first,1.19286,768,0,64,0,0,0,9192146,0,0,0,1105.6,,,,,0.471403,,,,4.65378,15.092,14899,14899,0,,796.423,88.4914,102.653,5.78587,8534.58,0.172443,0.403512,0.0159166,0.109168,0.770363,68.1706,15.659,47.377,1,1,1,0.137186
S5,servers32,best_s2+v_group_first,3,longest_first+sample+late+least_loaded+wait+prior+v_group_first,1.12449,768,0,64,0,0,0,8875863,0,0,0,1052.87,,,,,0.479772,,,,4.07757,12.319,15031,15031,0,,777.944,86.4382,95.043,5.92331,8105.84,0.188128,0.39529,0.0164306,0.108508,0.771415,66.6798,15.3363,25.168,1,1,1,0.110882
S5,servers32,best_s2+v_shortest_first,1,longest_first+sample+late+least_loaded+wait+prior+v_shortest_first,1.11074,768,0,64,0,0,0,8838125,0,0,0,1036.87,,,,,0.460036,,,,3.76956,10.933,14921,14921,0,,765.073,85.0081,97.529,6.02295,8339.75,0.152727,0.412698,0.0168205,0.110446,0.767345,65.2306,16.6131,29.259,1,1,1,0.0803419
S5,servers32,best_s2+v_shortest_first,2,longest_first+sample+late+least_loaded+wait+prior+v_shortest_first,1.19286,768,0,64,0,0,0,9192146,0,0,0,1105.6,,,,,0.471403,,,,4.12029,12.895,14898,14898,0,,796.423,88.4914,102.653,5.78587,8534.58,0.172443,0.403512,0.0159166,0.109168,0.770363,68.1706,15.699,47.377,1,1,1,0.137186
S5,servers32,best_s2+v_shortest_first,3,longest_first+sample+late+least_loaded+wait+prior+v_shortest_first,1.1307,768,0,64,0,0,0,8875863,0,0,0,1054.51,,,,,0.480869,,,,3.60041,10.667,15026,15026,0,,779.588,86.6209,95.043,5.91081,8088.75,0.18984,0.394456,0.0163959,0.108279,0.771897,66.8624,15.519,26.812,1,1,1,0.110882
S5,servers32,reference,1,fifo+group+early+round_robin+wait+prior+v_fifo,1.25715,768,0,64,0,0,0,8671451,0,0,0,1129.65,,,,,0.548233,,,,4.34999,11.441,13512,13512,0,,854.723,94.9692,107.276,5.39122,7573.83,0.301872,0.345354,0.0089752,0.097438,0.794594,75.462,19.9308,32.314,0.994792,1,0.994926,0.0720081
S5,servers32,reference,2,fifo+group+early+round_robin+wait+prior+v_fifo,1.36214,768,0,64,0,0,0,8945817,0,0,0,1191.56,,,,,0.542447,,,,4.393,11.826,13316,13316,0,,866.963,96.3292,145.491,5.31511,7794.22,0.293366,0.349667,0.00884063,0.0990457,0.791527,76.2472,24.1559,72.114,0.994792,1,0.993052,0.0937886
S5,servers32,reference,3,fifo+group+early+round_robin+wait+prior+v_fifo,1.50035,768,0,64,0,0,0,8603718,0,0,0,1294.39,,,,,0.598371,,,,3.75046,10.219,13413,13413,0,,976.116,108.457,144.729,4.72075,6513.75,0.378125,0.307622,0.00792542,0.086081,0.818618,88.7851,36.6479,69.829,0.984375,1,0.980566,0.0997812
S5,servers4,best_s2+v_fifo,1,longest_first+sample+late+least_loaded+wait+prior+v_fifo,1.42828,768,0,64,0,0,0,8838125,0,0,0,3617.22,,,,,0.846639,,,,123.256,229.755,14894,14894,0,,2693.73,299.303,340.81,1.71064,2368.66,0.759358,0.117214,0.00477735,0.0313688,0.933921,279.526,11.7469,29.047,1,1,1,0.0803419
S5,servers4,best_s2+v_fifo,2,longest_first+sample+late+least_loaded+wait+prior+v_fifo,1.46865,768,0,64,0,0,0,9192146,0,0,0,3778.22,,,,,0.84934,,,,132.432,260.681,14843,14843,0,,2800.53,311.17,359.043,1.6454,2427.09,0.763985,0.115028,0.00458668,0.0310456,0.934695,290.849,13.0997,29.186,1,1,1,0.137186
S5,servers4,best_s2+v_fifo,3,longest_first+sample+late+least_loaded+wait+prior+v_fifo,1.43962,768,0,64,0,0,0,8875863,0,0,0,3620.3,,,,,0.851418,,,,125.006,234.361,14914,14914,0,,2735.13,303.903,347.568,1.68475,2305.52,0.767851,0.112945,0.00477416,0.0308625,0.934984,284.145,10.2772,21.571,1,1,1,0.110882
S5,servers4,best_s2+v_group_first,1,longest_first+sample+late+least_loaded+wait+prior+v_group_first,1.47282,768,0,64,0,0,0,8838125,0,0,0,3643.99,,,,,0.848075,,,,124.699,241.909,14891,14891,0,,2719.19,302.132,346.151,1.69462,2346.48,0.761611,0.116117,0.00473262,0.0310751,0.93454,282.355,36.2969,71.198,1,1,1,0.0803419
S5,servers4,best_s2+v_group_first,2,longest_first+sample+late+least_loaded+wait+prior+v_group_first,1.47805,768,0,64,0,0,0,9192146,0,0,0,3771.74,,,,,0.849128,,,,129.864,262.245,14825,14825,0,,2796.59,310.732,357.183,1.64772,2430.51,0.763653,0.11519,0.00459314,0.0310893,0.934603,290.411,31.6691,42.542,1,1,1,0.137186
S5,servers4,best_s2+v_group_first,3,longest_first+sample+late+least_loaded+wait+prior+v_group_first,1.48305,768,0,64,0,0,0,8875863,0,0,0,3651.52,,,,,0.852768,,,,127.76,249.627,14906,14906,0,,2760.21,306.69,346.344,1.66944,2284.57,0.769961,0.111919,0.00473078,0.0305821,0.935575,286.931,36.6473,62.589,1,1,1,0.110882
S5,servers4,best_s2+v_shortest_first,1,longest_first+sample+late+least_loaded+wait+prior+v_shortest_first,1.43051,768,0,64,0,0,0,8838125,0,0,0,3617.36,,,,,0.846631,,,,92.753,227.256,14948,14948,0,,2693.58,299.286,341.133,1.71074,2368.79,0.759344,0.117221,0.00477762,0.0313706,0.933918,279.509,13.4051,31.842,1,1,1,0.0803419
S5,servers4,best_s2+v_shortest_first,2,longest_first+sample+late+least_loaded+wait+prior+v_shortest_first,1.46842,768,0,64,0,0,0,9192146,0,0,0,3778.04,,,,,0.849351,,,,98.0789,255.057,14856,14856,0,,2800.72,311.191,358.841,1.64529,2426.92,0.764001,0.11502,0.00458636,0.0310434,0.9347,290.87,15.3354,28.821,1,1,1,0.137186
S5,servers4,best_s2+v_shortest_first,3,longest_first+sample+late+least_loaded+wait+prior+v_shortest_first,1.44234,768,0,64,0,0,0,8875863,0,0,0,3620.54,,,,,0.851451,,,,91.735,231.879,14969,14969,0,,2735.74,303.971,348.025,1.68437,2305,0.767903,0.11292,0.00477309,0.0308556,0.934999,284.213,12.4927,24.594,1,1,1,0.110882
S5,servers4,reference,1,fifo+group+early+round_robin+wait+prior+v_fifo,1.42947,768,0,64,0,0,0,8671451,0,0,0,3595.02,,,,,0.854953,,,,124.957,235.338,13319,13319,0,,2662.14,295.793,332.451,1.73094,2431.7,0.775854,0.110882,0.00288164,0.0312841,0.934051,276.286,14.9784,39.467,0.994792,1,0.994926,0.0720081
S5,servers4,reference,2,fifo+group+early+round_robin+wait+prior+v_fifo,1.46269,768,0,64,0,0,0,8945817,0,0,0,3737.28,,,,,0.857557,,,,129.317,234.408,13203,13203,0,,2784.84,309.427,329.365,1.65467,2426.46,0.780014,0.108857,0.00275222,0.0308344,0.935099,289.345,14.0541,23.873,0.994792,1,0.993052,0.0937886
S5,servers4,reference,3,fifo+group+early+round_robin+wait+prior+v_fifo,1.45374,768,0,64,0,0,0,8603718,0,0,0,3618.21,,,,,0.855819,,,,121.14,227.745,13221,13221,0,,2718.89,302.099,356.791,1.69481,2338.52,0.776756,0.11044,0.0028367,0.0309041,0.934882,282.427,16.8416,43.331,0.984375,1,0.980566,0.0997812
S5,servers8,best_s2+v_fifo,1,longest_first+sample+late+least_loaded+wait+prior+v_fifo,0.424977,768,0,64,0,0,0,8838125,0,0,0,1898.55,,,,,0.707555,,,,53.1446,96.138,14897,14897,0,,1412.62,156.957,199.972,3.26203,4516.81,0.541117,0.223517,0.00910996,0.0598174,0.873994,137.18,12.605,45.879,1,1,1,0.0803419
S5,servers8,best_s2+v_fifo,2,longest_first+sample+late+least_loaded+wait+prior+v_fifo,0.395747,768,0,64,0,0,0,9192146,0,0,0,2003.22,,,,,0.713242,,,,57.0392,110.961,14852,14852,0,,1471.37,163.485,184.567,3.13178,4619.6,0.550781,0.218938,0.00873006,0.0590906,0.875702,143.164,13.4349,25.212,1,1,1,0.137186
S5,servers8,best_s2+v_fifo,3,longest_first+sample+late+least_loaded+wait+prior+v_fifo,0.408305,768,0,64,0,0,0,8875863,0,0,0,1920.24,,,,,0.718088,,,,53.7871,96.713,14939,14939,0,,1441.55,160.172,181.006,3.19655,4374.38,0.559533,0.214297,0.00905825,0.058557,0.876643,140.414,12.9352,31.743,1,1,1,0.110882
S5,servers8,best_s2+v_group_first,1,longest_first+sample+late+least_loaded+wait+prior+v_group_first,0.460425,768,0,64,0,0,0,8838125,0,0,0,1945.07,,,,,0.716022,,,,53.443,108.896,14903,14903,0,,1454.73,161.637,206.696,3.16759,4386.04,0.554402,0.217046,0.00884622,0.0580856,0.877642,141.859,24.4942,65.993,1,1,1,0.0803419
S5,servers8,best_s2+v_group_first,2,longest_first+sample+late+least_loaded+wait+prior+v_group_first,0.403811,768,0,64,0,0,0,9192146,0,0,0,2001.25,,,,,0.712783,,,,55.7853,116.322,14834,14834,0,,1469.02,163.224,183.603,3.13679,4626.99,0.550062,0.219288,0.00874402,0.0591851,0.875503,142.903,20.6078,30.556,1,1,1,0.137186
S5,servers8,best_s2+v_group_first,3,longest_first+sample+late+least_loaded+wait+prior+v_group_first,0.448219,768,0,64,0,0,0,8875863,0,0,0,1984.6,,,,,0.731321,,,,55.066,111.146,14943,14943,0,,1512.55,168.061,195.144,3.04651,4169.04,0.580208,0.204238,0.00863306,0.0558084,0.882433,148.303,29.4586,53.199,1,1,1,0.110882
S5,servers8,best_s2+v_shortest_first,1,longest_first+sample+late+least_loaded+wait+prior+v_shortest_first,0.425413,768,0,64,0,0,0,8838125,0,0,0,1899.04,,,,,0.707606,,,,40.2344,95.527,14942,14942,0,,1412.86,156.984,199.946,3.26147,4516.03,0.541195,0.223479,0.0091084,0.0598071,0.874016,137.207,12.67,46.144,1,1,1,0.0803419
S5,servers8,best_s2+v_shortest_first,2,longest_first+sample+late+least_loaded+wait+prior+v_shortest_first,0.396023,768,0,64,0,0,0,9192146,0,0,0,2004.52,,,,,0.71349,,,,42.5901,109.18,14869,14869,0,,1472.64,163.627,184.8,3.12907,4615.6,0.55117,0.218748,0.0087225,0.0590395,0.87581,143.306,14.2527,25.31,1,1,1,0.137186
S5,servers8,best_s2+v_shortest_first,3,longest_first+sample+late+least_loaded+wait+prior+v_shortest_first,0.412062,768,0,64,0,0,0,8875863,0,0,0,1921.49,,,,,0.71823,,,,39.7662,96.17,14967,14967,0,,1442.28,160.254,181.289,3.19494,4372.16,0.559755,0.214189,0.00905366,0.0585274,0.876705,140.495,13.5192,34.118,1,1,1,0.110882
S5,servers8,reference,1,fifo+group+early+round_robin+wait+prior+v_fifo,0.437307,768,0,64,0,0,0,8671451,0,0,0,1902.08,,,,,0.725202,,,,53.8101,100.46,13350,13350,0,,1405.16,156.129,194.568,3.27934,4606.97,0.575347,0.21007,0.00545939,0.0592691,0.875057,136.622,16.0568,48.139,0.994792,1,0.994926,0.0720081
S5,servers8,reference,2,fifo+group+early+round_robin+wait+prior+v_fifo,0.399598,768,0,64,0,0,0,8945817,0,0,0,1974.2,,,,,0.727782,,,,55.5339,98.19,13238,13238,0,,1457.22,161.913,177.913,3.16218,4637.12,0.579593,0.208032,0.00525967,0.0589265,0.875971,141.831,13.1667,23.009,0.994792,1,0.993052,0.0937886
S5,servers8,reference,3,fifo+group+early+round_robin+wait+prior+v_fifo,0.415908,768,0,64,0,0,0,8603718,0,0,0,1914.43,,,,,0.725794,,,,51.3063,93.873,13256,13256,0,,1429.63,158.848,191.887,3.22321,4447.43,0.575432,0.210037,0.00539488,0.0587739,0.876157,139.176,16.0563,34.159,0.984375,1,0.980566,0.0997812
S8,eta2/estimates_degrade,best_s2+abort(1.5),1,longest_first+sample+late+least_loaded+abort(1.5)+prior+v_fifo,1.42093,768,226,61,226,0,0,6293427,3446569,0.353857,-0.238812,743.464,,,,,0.374126,,,,1.50175,6.088,17615,17615,0,,549.762,61.0847,80.923,8.38181,12753.4,0.000130966,0.489207,0.0189128,0.117755,0.74812,45.6987,8.62278,12.575,0.989583,1,0.996391,0.171138
S8,eta2/estimates_degrade,best_s2+abort(1.5),2,longest_first+sample+late+least_loaded+abort(1.5)+prior+v_fifo,1.49151,768,272,75,272,0,0,6036550,3659764,0.377439,-0.287207,736.827,,,,,0.377614,,,,1.54759,6.56,18112,18112,0,,544.909,60.5454,78.179,8.45646,13120,0.000144749,0.488939,0.0192469,0.1142,0.755084,45.7169,8.11622,13.474,0.953125,1,0.980063,0.142319
S8,eta2/estimates_degrade,best_s2+abort(1.5),3,longest_first+sample+late+least_loaded+abort(1.5)+prior+v_fifo,1.46645,768,239,75,239,0,0,6131259,3597905,0.369806,-0.257885,734.562,,,,,0.373141,,,,1.24788,5.607,18198,18198,0,,537.414,59.7127,73.813,8.5744,12848.5,8.88514e-05,0.48959,0.0187387,0.11853,0.746194,44.5572,11.6974,22.465,0.954861,1,0.98229,0.143288
S8,eta2/estimates_degrade,best_s2+wait,1,longest_first+sample+late+least_loaded+wait+prior+v_fifo,1.15691,768,0,64,0,0,0,8234179,0,0,0,1014.9,,,,,0.478549,,,,1.57195,6.286,14956,14956,0,,749.056,83.2284,96.212,6.15174,7904.08,0.174472,0.402584,0.0161876,0.102679,0.782626,65.1368,20.8352,34.761,1,1,1,0.0963403
S8,eta2/estimates_degrade,best_s2+wait,2,longest_first+sample+late+least_loaded+wait+prior+v_fifo,1.14906,768,0,64,0,0,0,8468102,0,0,0,1034.35,,,,,0.464064,,,,1.50518,6.497,14832,14832,0,,748.508,83.1676,95.183,6.15625,8329.81,0.149679,0.415319,0.0158534,0.104764,0.778449,64.7417,15.4314,34.764,1,1,1,0.138941
S8,eta2/estimates_degrade,best_s2+wait,3,longest_first+sample+late+least_loaded+wait+prior+v_fifo,1.14047,768,0,64,0,0,0,8182256,0,0,0,1010.98,,,,,0.49306,,,,1.30793,5.736,14988,14988,0,,745.521,82.8357,90.9,6.18091,7769.54,0.199537,0.390202,0.0160658,0.100673,0.786583,65.1571,18.7826,26.839,1,1,1,0.112441
S8,eta2/estimates_degrade,online_adaptive+abort(1.5),1,longest_first+sample+late+lpt+abort(1.5)+group_evidence(0.5)+v_fifo,1.47249,768,221,63,221,0,0,6155312,3557786,0.366287,-0.256904,752.462,,,,,0.378179,,,,1.52611,6.051,17640,17640,0,,558.008,62.0009,78.471,8.25795,12469.5,1.32167e-05,0.48959,0.0184681,0.113764,0.756344,46.894,8.92344,16.528,0.982639,1,0.993007,0.143666
S8,eta2/estimates_degrade,online_adaptive+abort(1.5),2,longest_first+sample+late+lpt+abort(1.5)+group_evidence(0.5)+v_fifo,1.45451,768,255,77,255,0,0,6296124,3436584,0.353096,-0.260171,749.467,,,,,0.376832,,,,1.6296,6.544,18066,18066,0,,559.423,62.1581,81.169,8.23706,12762.3,0.000225009,0.489402,0.0185291,0.115237,0.753439,46.8323,9.22422,12.94,0.980903,1,0.991412,0.189736
S8,eta2/estimates_degrade,online_adaptive+abort(1.5),3,longest_first+sample+late+lpt+abort(1.5)+group_evidence(0.5)+v_fifo,1.41768,768,228,69,228,0,0,6182200,3421580,0.356274,-0.248788,721.922,,,,,0.368163,,,,1.36842,5.88,17842,17842,0,,520.005,57.7783,80.305,8.86145,13092.2,0.000984366,0.488483,0.0196789,0.123676,0.735341,42.4868,8.26267,20.728,0.979167,1,0.992829,0.172404
S8,eta2/estimates_degrade,online_adaptive+wait,1,longest_first+sample+late+lpt+wait+group_evidence(0.5)+v_fifo,1.15386,768,0,64,0,0,0,8234179,0,0,0,1014.72,,,,,0.476737,,,,1.5722,6.279,14946,14946,0,,748.878,83.2087,96.134,6.15321,7905.96,0.170898,0.404359,0.0162012,0.102704,0.782575,65.117,20.7448,33.983,1,1,1,0.0963403
S8,eta2/estimates_degrade,online_adaptive+wait,2,longest_first+sample+late+lpt+wait+group_evidence(0.5)+v_fifo,1.14867,768,0,64,0,0,0,8468102,0,0,0,1034.47,,,,,0.464087,,,,1.50517,6.497,14847,14847,0,,748.14,83.1267,94.066,6.15928,8333.91,0.149834,0.415264,0.0158337,0.104815,0.77834,64.7008,15.1888,34.764,1,1,1,0.138941
S8,eta2/estimates_degrade,online_adaptive+wait,3,longest_first+sample+late+lpt+wait+group_evidence(0.5)+v_fifo,1.14151,768,0,64,0,0,0,8182256,0,0,0,1013.58,,,,,0.493569,,,,1.30812,5.736,15006,15006,0,,746.215,82.9128,91.691,6.17516,7762.31,0.200357,0.389749,0.016103,0.100579,0.786781,65.2342,18.8377,26.846,1,1,1,0.112441
S8,eta2/estimates_degrade,online_eb+abort_pred(1.5),1,"longest_first+sample+late+lpt+isolate(2)+abort_pred(1.5,4)+eb(20)+v_fifo",0.702308,768,5,43,3,2,0,7713383,144363,0.0183721,-0.0187816,613.059,,,,,0.319047,,,,1.44033,6.008,14948,14948,0,,440.512,48.9458,68.088,10.4606,13371.7,0.00233024,0.490516,0.0185345,0.171902,0.635765,31.118,4.87933,6.812,0.984375,2,0.889084,0.273846
S8,eta2/estimates_degrade,online_eb+abort_pred(1.5),2,"longest_first+sample+late+lpt+isolate(2)+abort_pred(1.5,4)+eb(20)+v_fifo",0.684078,768,1,32,0,1,0,8194558,40404,0.0049064,-0.00395602,630.41,,,,,0.31688,,,,1.41438,6.342,14875,14875,0,,447.931,49.7701,65.802,10.2873,14026.4,0.000461288,0.491387,0.0184288,0.173305,0.633298,31.5193,4.56478,7.98,0.927083,2,0.878779,0.215158
S8,eta2/estimates_degrade,online_eb+abort_pred(1.5),3,"longest_first+sample+late+lpt+isolate(2)+abort_pred(1.5,4)+eb(20)+v_fifo",0.661407,768,1,45,1,0,0,7836957,7235,0.000922338,-0.00278858,618.832,,,,,0.315345,,,,1.26106,5.685,14907,14907,0,,433.45,48.1611,68.358,10.631,13322.4,0.000919368,0.490967,0.018955,0.174733,0.62977,30.3304,3.87144,7.704,0.960069,2,0.888075,0.213365
S8,eta2/estimates_degrade,online_eb+wait,1,longest_first+sample+late+lpt+isolate(2)+wait+eb(20)+v_fifo,1.1538,768,0,64,0,0,0,8234179,0,0,0,1011.42,,,,,0.473867,,,,1.5722,6.286,14933,14933,0,,745.918,82.8798,96.078,6.17762,7937.33,0.166021,0.406752,0.0162705,0.103111,0.781712,64.7881,20.6633,35.848,1,1,1,0.0963403
S8,eta2/estimates_degrade,online_eb+wait,2,longest_first+sample+late+lpt+isolate(2)+wait+eb(20)+v_fifo,1.15049,768,0,64,0,0,0,8468102,0,0,0,1036.06,,,,,0.464679,,,,1.5061,6.497,14853,14853,0,,749.513,83.2792,93.806,6.14799,8318.64,0.150611,0.414917,0.0157814,0.104623,0.778746,64.8533,15.7258,34.764,1,1,1,0.138941
S8,eta2/estimates_degrade,online_eb+wait,3,longest_first+sample+late+lpt+isolate(2)+wait+eb(20)+v_fifo,1.12838,768,0,64,0,0,0,8182256,0,0,0,1007.9,,,,,0.489238,,,,1.30806,5.736,14971,14971,0,,741.318,82.3687,91.276,6.21596,7813.59,0.193104,0.393427,0.0160919,0.101243,0.785373,64.6901,18.2547,24.628,1,1,1,0.112441
S8,eta2/estimates_degrade,reference,1,fifo+group+early+round_robin+wait+prior+v_fifo,1.33937,768,0,64,0,0,0,8155713,0,0,0,1131.99,,,,,0.575727,,,,1.5804,6.355,13519,13519,0,,869.376,96.5973,143.54,5.30035,7011.54,0.338271,0.327335,0.00870589,0.0882322,0.813183,78.5513,24.4947,34.925,0.994792,1,0.994816,0.0712296
S8,eta2/estimates_degrade,reference,2,fifo+group+early+round_robin+wait+prior+v_fifo,1.32687,768,0,64,0,0,0,8334367,0,0,0,1123.12,,,,,0.543959,,,,1.41215,6.342,13329,13329,0,,822.019,91.3354,130.122,5.60571,7661.92,0.288686,0.351951,0.00917991,0.0949096,0.799232,72.9982,21.5566,57.329,0.998264,1,0.994166,0.098208
S8,eta2/estimates_degrade,reference,3,fifo+group+early+round_robin+wait+prior+v_fifo,1.48359,768,0,64,0,0,0,7979862,0,0,0,1191.9,,,,,0.597262,,,,1.29115,5.736,13379,13379,0,,911.154,101.239,143.734,5.05732,6451.34,0.369726,0.311736,0.00834025,0.0826617,0.824799,83.5021,32.1087,69.829,0.986111,1,0.982101,0.0850849
S8,eta2/none,best_s2+abort(1.5),1,longest_first+sample+late+least_loaded+abort(1.5)+prior+v_fifo,1.47301,768,238,66,238,0,0,6126882,3505838,0.363951,-0.26082,747.931,,,,,0.378359,,,,1.49348,6.106,17671,17671,0,,553.257,61.473,74.318,8.32886,12527.4,3.16309e-05,0.489301,0.0188171,0.113523,0.756686,46.5158,9.52756,18.18,0.975694,1,0.991304,0.0998502
S8,eta2/none,best_s2+abort(1.5),2,longest_first+sample+late+least_loaded+abort(1.5)+prior+v_fifo,1.47341,768,262,78,262,0,0,6344596,3453955,0.352497,-0.258539,761.653,,,,,0.379303,,,,1.52507,6.479,18153,18153,0,,568.555,63.1728,82.678,8.10476,12833.6,2.24253e-05,0.48974,0.0181632,0.112793,0.758584,47.9219,10.7171,16.854,0.973958,1,0.991246,0.188349
S8,eta2/none,best_s2+abort(1.5),3,longest_first+sample+late+least_loaded+abort(1.5)+prior+v_fifo,1.44927,768,276,71,276,0,0,6162952,3679325,0.373829,-0.2517,730.658,,,,,0.371473,,,,1.23439,5.572,18319,18319,0,,534.816,59.424,70.996,8.61605,13075.1,6.10023e-05,0.489282,0.0191015,0.120143,0.742885,44.1452,9.42044,17.94,0.970486,1,0.988697,0.0998536
S8,eta2/none,best_s2+wait,1,longest_first+sample+late+least_loaded+wait+prior+v_fifo,1.15453,768,0,64,0,0,0,8311508,0,0,0,1015.69,,,,,0.472147,,,,1.61213,6.387,14959,14959,0,,749.796,83.3107,96.212,6.14567,7999.42,0.163361,0.40813,0.0161911,0.103532,0.780932,65.06,20.5849,34.761,1,1,1,0.0858845
S8,eta2/none,best_s2+wait,2,longest_first+sample+late+least_loaded+wait+prior+v_fifo,1.14827,768,0,64,0,0,0,8566042,0,0,0,1038.68,,,,,0.464327,,,,1.52189,6.517,14892,14892,0,,752.599,83.6221,94.727,6.12278,8414.67,0.150786,0.414785,0.0158009,0.105087,0.777868,65.047,15.6184,32.577,1,1,1,0.147207
S8,eta2/none,best_s2+wait,3,longest_first+sample+late+least_loaded+wait+prior+v_fifo,1.13361,768,0,64,0,0,0,8221237,0,0,0,1006.44,,,,,0.491169,,,,1.30329,5.765,14964,14964,0,,741.363,82.3737,90.9,6.21558,7865.69,0.198641,0.390863,0.0158862,0.102082,0.783697,64.556,17.2486,26.318,1,1,1,0.105581
S8,eta2/none,online_adaptive+abort(1.5),1,longest_first+sample+late+lpt+abort(1.5)+group_evidence(0.5)+v_fifo,1.45994,768,289,79,289,0,0,6079354,3614802,0.372885,-0.271867,724.746,,,,,0.374198,,,,1.53936,6.112,18235,18235,0,,527.766,58.6407,77.166,8.73114,13154.1,7.20016e-05,0.488481,0.0200096,0.117311,0.748324,43.8822,10.8951,17.099,0.987847,1,0.99596,0.0757365
S8,eta2/none,online_adaptive+abort(1.5),2,longest_first+sample+late+lpt+abort(1.5)+group_evidence(0.5)+v_fifo,1.45506,768,258,77,258,0,0,6427280,3394171,0.345588,-0.24919,757.17,,,,,0.377114,,,,1.49872,6.244,18088,18088,0,,566.769,62.9743,85.922,8.1303,12774.1,0.000568133,0.489168,0.0184872,0.11523,0.75366,47.4612,9.46367,17.247,0.982639,1,0.994515,0.207479
S8,eta2/none,online_adaptive+abort(1.5),3,longest_first+sample+late+lpt+abort(1.5)+group_evidence(0.5)+v_fifo,1.40109,768,233,71,233,0,0,6211648,3403995,0.354006,-0.249342,725.115,,,,,0.367659,,,,1.29441,5.794,17930,17930,0,,523.212,58.1347,79.478,8.80714,13029.4,0.000138567,0.48904,0.0194913,0.123809,0.73518,42.7394,8.45711,13.444,0.973958,1,0.990406,0.150136
S8,eta2/none,online_adaptive+wait,1,longest_first+sample+late+lpt+wait+group_evidence(0.5)+v_fifo,1.15233,768,0,64,0,0,0,8311508,0,0,0,1015.22,,,,,0.47267,,,,1.61233,6.384,14984,14984,0,,749.328,83.2587,96.134,6.14951,8004.41,0.164545,0.407532,0.0162003,0.103597,0.780796,65.008,20.5568,33.983,1,1,1,0.0858845
S8,eta2/none,online_adaptive+wait,2,longest_first+sample+late+lpt+wait+group_evidence(0.5)+v_fifo,1.14075,768,0,64,0,0,0,8566042,0,0,0,1034.46,,,,,0.461377,,,,1.5221,6.505,14909,14909,0,,747.891,83.099,94.727,6.16133,8467.64,0.146284,0.417024,0.0158514,0.105748,0.77647,64.5239,14.92,32.244,1,1,1,0.147207
S8,eta2/none,online_adaptive+wait,3,longest_first+sample+late+lpt+wait+group_evidence(0.5)+v_fifo,1.13943,768,0,64,0,0,0,8221237,0,0,0,1011.73,,,,,0.489395,,,,1.30335,5.765,14974,14974,0,,744.748,82.7498,91.691,6.18733,7829.94,0.19411,0.392972,0.0160154,0.101618,0.78468,64.9321,17.413,27.499,1,1,1,0.105581
S8,eta2/none,online_eb+abort_pred(1.5),1,"longest_first+sample+late+lpt+isolate(2)+abort_pred(1.5,4)+eb(20)+v_fifo",0.692066,768,2,40,0,2,0,7882261,87888,0.0110271,-0.0084517,616.842,,,,,0.317846,,,,1.46872,6.136,14865,14865,0,,444.82,49.4244,68.088,10.3592,13453.9,0.00374815,0.489996,0.0182468,0.173912,0.631943,31.2334,5.23589,8.116,1.01042,2,0.902357,0.251317
S8,eta2/none,online_eb+abort_pred(1.5),2,"longest_first+sample+late+lpt+isolate(2)+abort_pred(1.5,4)+eb(20)+v_fifo",0.697683,768,3,32,1,2,0,8175205,68843,0.00835063,-0.00912426,633.646,,,,,0.317939,,,,1.39165,6.238,14915,14915,0,,453.058,50.3398,69.865,10.1709,13953.7,0.00147718,0.490911,0.0182828,0.172867,0.6344,31.9356,5.02,7.49,0.927083,2,0.874574,0.216572
S8,eta2/none,online_eb+abort_pred(1.5),3,"longest_first+sample+late+lpt+isolate(2)+abort_pred(1.5,4)+eb(20)+v_fifo",0.658813,768,0,41,0,0,0,7882195,0,0,0,622.366,,,,,0.314657,,,,1.27286,5.685,14799,14799,0,,438.086,48.6762,68.358,10.5185,13180.6,0,0.491648,0.0186236,0.175071,0.629315,30.6327,3.54422,6.229,1.00694,2,0.902505,0.186247
S8,eta2/none,online_eb+wait,1,longest_first+sample+late+lpt+isolate(2)+wait+eb(20)+v_fifo,1.15186,768,0,64,0,0,0,8311508,0,0,0,1011.48,,,,,0.469955,,,,1.61223,6.384,14972,14972,0,,745.933,82.8814,96.078,6.1775,8040.84,0.160112,0.409713,0.0162636,0.104068,0.779798,64.6308,20.4152,35.848,1,1,1,0.0858845
S8,eta2/none,online_eb+wait,2,longest_first+sample+late+lpt+isolate(2)+wait+eb(20)+v_fifo,1.14246,768,0,64,0,0,0,8566042,0,0,0,1035.62,,,,,0.462722,,,,1.52121,6.497,14944,14944,0,,748.834,83.2038,94.727,6.15357,8456.97,0.148693,0.415956,0.0157071,0.105615,0.776752,64.6287,14.8873,32.244,1,1,1,0.147207
S8,eta2/none,online_eb+wait,3,longest_first+sample+late+lpt+isolate(2)+wait+eb(20)+v_fifo,1.1344,768,0,64,0,0,0,8221237,0,0,0,1009.39,,,,,0.492125,,,,1.30324,5.765,14951,14951,0,,743.191,82.5768,91.276,6.20029,7846.35,0.200022,0.390131,0.0159131,0.10183,0.784229,64.7591,16.9746,25.63,1,1,1,0.105581
S8,eta2/none,reference,1,fifo+group+early+round_robin+wait+prior+v_fifo,1.33937,768,0,64,0,0,0,8155713,0,0,0,1131.99,,,,,0.575727,,,,1.5804,6.355,13519,13519,0,,869.376,96.5973,143.54,5.30035,7011.54,0.338271,0.327335,0.00870589,0.0882322,0.813183,78.5513,24.4947,34.925,0.994792,1,0.994816,0.0712296
S8,eta2/none,reference,2,fifo+group+early+round_robin+wait+prior+v_fifo,1.32687,768,0,64,0,0,0,8334367,0,0,0,1123.12,,,,,0.543959,,,,1.41215,6.342,13329,13329,0,,822.019,91.3354,130.122,5.60571,7661.92,0.288686,0.351951,0.00917991,0.0949096,0.799232,72.9982,21.5566,57.329,0.998264,1,0.994166,0.098208
S8,eta2/none,reference,3,fifo+group+early+round_robin+wait+prior+v_fifo,1.48359,768,0,64,0,0,0,7979862,0,0,0,1191.9,,,,,0.597262,,,,1.29115,5.736,13379,13379,0,,911.154,101.239,143.734,5.05732,6451.34,0.369726,0.311736,0.00834025,0.0826617,0.824799,83.5021,32.1087,69.829,0.986111,1,0.982101,0.0850849
S8,eta2/tail_heavier,best_s2+abort(1.5),1,longest_first+sample+late+least_loaded+abort(1.5)+prior+v_fifo,1.57272,768,246,70,246,0,0,7015170,4291265,0.379542,-0.270013,869.821,,,,,0.389723,,,,1.50519,6.176,17988,17988,0,,674.412,74.9347,84.819,6.83262,12681.7,5.30091e-05,0.491105,0.0155411,0.103631,0.779393,58.4036,9.261,20.21,0.984375,1,0.99613,0.206145
S8,eta2/tail_heavier,best_s2+abort(1.5),2,longest_first+sample+late+least_loaded+abort(1.5)+prior+v_fifo,1.56233,768,288,74,288,0,0,7095361,4262312,0.37528,-0.284004,862.58,,,,,0.387797,,,,1.42088,6.267,18352,18352,0,,670.479,74.4977,93.092,6.8727,13023.8,0.000671908,0.490616,0.01576,0.105827,0.774922,57.7299,9.06511,13.545,0.984375,1,0.995875,0.299433
S8,eta2/tail_heavier,best_s2+abort(1.5),3,longest_first+sample+late+least_loaded+abort(1.5)+prior+v_fifo,1.51691,768,295,72,295,0,0,7127346,4258504,0.374017,-0.247552,850.479,,,,,0.383562,,,,1.27158,5.639,18694,18694,0,,653.625,72.625,92.963,7.04991,12980.9,0.00102486,0.490325,0.0160475,0.110065,0.7661,55.638,9.66756,18.58,0.977431,1,0.99371,0.28508
S8,eta2/tail_heavier,best_s2+wait,1,longest_first+sample+late+least_loaded+wait+prior+v_fifo,1.1063,768,0,64,0,0,0,9335851,0,0,0,1058.39,,,,,0.455628,,,,1.57779,6.344,14987,14987,0,,790.122,87.7913,96.212,5.83201,8887.58,0.137487,0.421589,0.0153627,0.107419,0.77377,67.9303,14.8743,34.761,1,1,1,0.120996
S8,eta2/tail_heavier,best_s2+wait,2,longest_first+sample+late+least_loaded+wait+prior+v_fifo,1.14532,768,0,64,0,0,0,9676320,0,0,0,1124.37,,,,,0.474614,,,,1.48306,6.46,14937,14937,0,,835.744,92.8604,113.257,5.51365,8906.01,0.168093,0.407121,0.0142166,0.104048,0.781135,72.5366,14.9466,27.457,1,1,1,0.208509
S8,eta2/tail_heavier,best_s2+wait,3,longest_first+sample+late+least_loaded+wait+prior+v_fifo,1.07158,768,0,64,0,0,0,9271806,0,0,0,1049.63,,,,,0.453878,,,,1.30937,5.791,15023,15023,0,,781.968,86.8853,98.701,5.89282,8800.75,0.131651,0.424483,0.0154467,0.106192,0.776106,67.4322,12.0081,23.516,1,1,1,0.147056
S8,eta2/tail_heavier,online_adaptive+abort(1.5),1,longest_first+sample+late+lpt+abort(1.5)+group_evidence(0.5)+v_fifo,1.5549,768,271,81,271,0,0,7163503,4410734,0.381082,-0.261486,868.714,,,,,0.388518,,,,1.48435,6.008,18427,18427,0,,670.782,74.5313,86.557,6.86959,12976.2,0.000524202,0.49083,0.0156161,0.105036,0.776512,57.8744,8.927,17.329,0.989583,1,0.997597,0.26163
S8,eta2/tail_heavier,online_adaptive+abort(1.5),2,longest_first+sample+late+lpt+abort(1.5)+group_evidence(0.5)+v_fifo,1.5795,768,290,77,290,0,0,7149905,4327164,0.377027,-0.277436,864.399,,,,,0.388839,,,,1.544,6.563,18553,18553,0,,672.123,74.6803,92.431,6.85589,13264.5,0.000311513,0.490463,0.0160769,0.104621,0.777367,58.054,8.56767,22.245,0.982639,1,0.994892,0.319057
S8,eta2/tail_heavier,online_adaptive+abort(1.5),3,longest_first+sample+late+lpt+abort(1.5)+group_evidence(0.5)+v_fifo,1.53701,768,276,73,276,0,0,6951174,4336722,0.384192,-0.269892,842.504,,,,,0.38391,,,,1.20389,5.572,18453,18453,0,,640.223,71.1359,92.25,7.19749,13076.5,0.00150065,0.489855,0.0164235,0.109812,0.766319,54.5128,8.68478,19.004,0.96875,1,0.992436,0.30893
S8,eta2/tail_heavier,online_adaptive+wait,1,longest_first+sample+late+lpt+wait+group_evidence(0.5)+v_fifo,1.10622,768,0,64,0,0,0,9335851,0,0,0,1059.3,,,,,0.457164,,,,1.57919,6.321,15024,15024,0,,791.029,87.8921,96.475,5.82532,8877.39,0.140299,0.42019,0.0153489,0.107296,0.77403,68.0311,14.724,33.983,1,1,1,0.120996
S8,eta2/tail_heavier,online_adaptive+wait,2,longest_first+sample+late+lpt+wait+group_evidence(0.5)+v_fifo,1.14341,768,0,64,0,0,0,9676320,0,0,0,1123.38,,,,,0.473764,,,,1.48317,6.464,14956,14956,0,,834.268,92.6964,113.257,5.5234,8921.77,0.16678,0.407684,0.0143198,0.104232,0.780748,72.3726,15.1041,27.457,1,1,1,0.208509
S8,eta2/tail_heavier,online_adaptive+wait,3,longest_first+sample+late+lpt+wait+group_evidence(0.5)+v_fifo,1.07085,768,0,64,0,0,0,9271806,0,0,0,1052.12,,,,,0.452467,,,,1.30937,5.791,15021,15021,0,,782.554,86.9504,98.701,5.88841,8794.16,0.12866,0.425941,0.0154793,0.106113,0.776274,67.4973,11.9999,23.246,1,1,1,0.147056
S8,eta2/tail_heavier,online_eb+abort_pred(1.5),1,"longest_first+sample+late+lpt+isolate(2)+abort_pred(1.5,4)+eb(20)+v_fifo",0.714944,768,1,40,0,1,0,8799312,41055,0.00464404,-0.003348,689.642,,,,,0.329419,,,,1.48385,6.246,14977,14977,0,,515.557,57.2841,79.158,8.93791,13421.2,0.00154517,0.49192,0.0160363,0.162625,0.657293,37.6524,5.60356,9.075,0.991319,2,0.904517,0.293469
S8,eta2/tail_heavier,online_eb+abort_pred(1.5),2,"longest_first+sample+late+lpt+isolate(2)+abort_pred(1.5,4)+eb(20)+v_fifo",0.765203,768,1,36,0,1,0,9386823,40404,0.00428588,-0.00329123,740.267,,,,,0.33777,,,,1.38794,6.212,14761,14761,0,,553.571,61.5079,81.216,8.32414,13427.3,0,0.493147,0.0149816,0.154101,0.675539,41.551,6.68167,12.607,0.958333,2,0.885826,0.197834
S8,eta2/tail_heavier,online_eb+abort_pred(1.5),3,"longest_first+sample+late+lpt+isolate(2)+abort_pred(1.5,4)+eb(20)+v_fifo",0.700047,768,0,45,0,0,0,8787927,0,0,0,690.771,,,,,0.326414,,,,1.28711,5.734,14802,14802,0,,504.277,56.0308,68.358,9.13783,13506.1,0,0.492797,0.0161268,0.164662,0.652828,36.5784,4.75744,11.715,0.972222,2,0.903347,0.194264
S8,eta2/tail_heavier,online_eb+wait,1,longest_first+sample+late+lpt+isolate(2)+wait+eb(20)+v_fifo,1.10484,768,0,64,0,0,0,9335851,0,0,0,1055.25,,,,,0.453413,,,,1.57914,6.344,15010,15010,0,,787.33,87.4811,96.475,5.85269,8919.1,0.133857,0.423369,0.0154178,0.1078,0.772968,67.6201,14.4961,35.848,1,1,1,0.120996
S8,eta2/tail_heavier,online_eb+wait,2,longest_first+sample+late+lpt+isolate(2)+wait+eb(20)+v_fifo,1.15126,768,0,64,0,0,0,9676320,0,0,0,1129.41,,,,,0.477633,,,,1.48311,6.464,14954,14954,0,,840.081,93.3423,113.257,5.48519,8860.04,0.173001,0.404668,0.0141875,0.103511,0.782265,73.0184,15.2646,27.476,1,1,1,0.208509
S8,eta2/tail_heavier,online_eb+wait,3,longest_first+sample+late+lpt+isolate(2)+wait+eb(20)+v_fifo,1.07456,768,0,64,0,0,0,9271806,0,0,0,1053.48,,,,,0.455602,,,,1.30949,5.769,14997,14997,0,,784.702,87.1891,99.486,5.87229,8770.08,0.134318,0.423147,0.0154289,0.105822,0.776886,67.736,12.3329,23.23,1,1,1,0.147056
S8,eta2/tail_heavier,reference,1,fifo+group+early+round_robin+wait+prior+v_fifo,1.24829,768,0,64,0,0,0,9130254,0,0,0,1154.59,,,,,0.541178,,,,1.57767,6.355,13492,13492,0,,888.426,98.714,115.112,5.1867,7958.12,0.279235,0.356927,0.00852048,0.0933741,0.803121,79.2793,22.9028,34.654,0.994792,1,0.995268,0.101244
S8,eta2/tail_heavier,reference,2,fifo+group+early+round_robin+wait+prior+v_fifo,1.33283,768,0,64,0,0,0,9364387,0,0,0,1222.41,,,,,0.546608,,,,1.40517,6.342,13306,13306,0,,918.292,102.032,130.122,5.01801,7980.32,0.28812,0.35261,0.0082307,0.0925517,0.805096,82.1459,23.2361,57.329,0.998264,1,0.993946,0.17239
S8,eta2/tail_heavier,reference,3,fifo+group+early+round_robin+wait+prior+v_fifo,1.53857,768,0,64,0,0,0,8956597,0,0,0,1339.17,,,,,0.598378,,,,1.29416,5.736,13394,13394,0,,1055.38,117.264,155.908,4.3662,6495.19,0.360372,0.316864,0.00721452,0.0775436,0.836385,98.0782,38.5946,75.413,0.984375,1,0.975623,0.14463
