scenario,variant,policy,seed,wall_run_s,wall_run_cpu_s,wall_instants_per_s,wall_decision_mean_us,wall_decision_p95_us,wall_decision_max_us
S1,cap16/group_exact,dp,1,0.0027708,0,23458.9,28.4108,11.7,1253.1
S1,cap16/group_exact,dp,2,0.0032368,0,20699.5,35.6672,11,1838.6
S1,cap16/group_exact,dp,3,0.0026193,0,25961.1,26.5368,16.2,1163.9
S1,cap16/group_exact,fifo_chunk,1,0.0022165,0.015625,31581.3,14.5986,54.7,133.7
S1,cap16/group_exact,fifo_chunk,2,0.0014901,0,48318.9,9.28056,50.8,132.2
S1,cap16/group_exact,fifo_chunk,3,0.001308,0,55045.9,8.34722,38.2,131.2
S1,cap16/group_exact,oracle_dp,1,0.0032748,0,20459.3,28.206,46.1,1132
S1,cap16/group_exact,oracle_dp,2,0.0031155,0,21505.4,32.8507,10.7,1613.2
S1,cap16/group_exact,oracle_dp,3,0.00229,0,29257.6,22.6806,11,1045.8
S1,cap16/group_exact,reference,1,0.0013342,0.015625,49467.8,8.79848,12.1,130.2
S1,cap16/group_exact,reference,2,0.0015014,0,45291.1,12.7794,49,137.8
S1,cap16/group_exact,reference,3,0.0014816,0,45221.4,9.84627,7.5,244.7
S1,cap16/group_exact,sorted_chunk,1,0.0024911,0,32114.3,15.4863,68.2,234.2
S1,cap16/group_exact,sorted_chunk,2,0.0018736,0,42698.5,12.3763,54.5,136.9
S1,cap16/group_exact,sorted_chunk,3,0.0018588,0,43038.5,11.4925,53,119.4
S1,cap16/group_moderate,dp,1,0.0020512,0,31688.8,21.9385,7.4,1028.5
S1,cap16/group_moderate,dp,2,0.0030498,0,21312.9,34.4985,11.2,1733.3
S1,cap16/group_moderate,dp,3,0.0031157,0.015625,21825,33.5485,21.9,1674.7
S1,cap16/group_moderate,fifo_chunk,1,0.0014625,0,47863.2,9.37143,40.7,114.6
S1,cap16/group_moderate,fifo_chunk,2,0.0020534,0,35063.8,12.2222,54,181.1
S1,cap16/group_moderate,fifo_chunk,3,0.0012852,0,56022.4,8.62222,41.6,124.3
S1,cap16/group_moderate,oracle_dp,1,0.0021328,0,31414.1,22.3418,10.1,1017.6
S1,cap16/group_moderate,oracle_dp,2,0.0034121,0,19636,35.4448,12.6,1674.5
S1,cap16/group_moderate,oracle_dp,3,0.0031164,0.015625,21499.2,33.109,11.2,1650.6
S1,cap16/group_moderate,reference,1,0.0010964,0,60197,8.1803,7.4,132.4
S1,cap16/group_moderate,reference,2,0.0011209,0,60665.5,8.23971,7.7,142.9
S1,cap16/group_moderate,reference,3,0.0012366,0,54180.8,8.59552,8.2,147.1
S1,cap16/group_moderate,sorted_chunk,1,0.0016928,0,47259,10.765,47.6,115.5
S1,cap16/group_moderate,sorted_chunk,2,0.0033851,0,23633,25.0475,89.3,705.4
S1,cap16/group_moderate,sorted_chunk,3,0.0015771,0,50726,9.98,47.2,109.9
S1,cap16/none,dp,1,0.0023953,0,27554,25.8015,9.8,1258.9
S1,cap16/none,dp,2,0.002287,0.015625,29733.3,22.8618,20.1,1015.2
S1,cap16/none,dp,3,0.0027819,0,24084.3,30.9806,19.1,1553.5
S1,cap16/none,fifo_chunk,1,0.0013237,0,52882.1,9.15143,32.9,210.6
S1,cap16/none,fifo_chunk,2,0.0012637,0,56975.5,8.04861,35.8,121.5
S1,cap16/none,fifo_chunk,3,0.0017773,0,40510.9,8.01528,35.1,125
S1,cap16/none,oracle_dp,1,0.0034136,0,19627.4,37.4239,11.8,1848.6
S1,cap16/none,oracle_dp,2,0.0031561,0.015625,21228.7,38.0896,7.4,2136.8
S1,cap16/none,oracle_dp,3,0.0019587,0,34206.4,21.0299,7.3,997.1
S1,cap16/none,reference,1,0.0018357,0,35953.6,13.7106,12.5,217.5
S1,cap16/none,reference,2,0.0018066,0,37639.8,13.1294,11.8,214.8
S1,cap16/none,reference,3,0.0013783,0.015625,48610.6,9.54478,7.7,223.8
S1,cap16/none,sorted_chunk,1,0.0012653,0,55322.8,7.78571,34.2,125.7
S1,cap16/none,sorted_chunk,2,0.0011975,0,60125.3,7.74167,33.7,117.7
S1,cap16/none,sorted_chunk,3,0.0012158,0,59220.3,7.74028,34.1,127.4
S1,cap8/group_exact,dp,1,0.0025407,0.015625,27551.5,24.9357,140.4,722.3
S1,cap8/group_exact,dp,2,0.002347,0,30677.5,23.2639,141.8,677.6
S1,cap8/group_exact,dp,3,0.0037402,0,19250.3,37.6958,233.7,1060.3
S1,cap8/group_exact,fifo_chunk,1,0.0012858,0,54440.8,8.11286,33.9,119.8
S1,cap8/group_exact,fifo_chunk,2,0.0012125,0.015625,59381.4,7.72361,34.2,122.2
S1,cap8/group_exact,fifo_chunk,3,0.0019086,0,37724,11.8819,50.3,182
S1,cap8/group_exact,oracle_dp,1,0.0025995,0.015625,27697.6,25.8667,136.7,873.6
S1,cap8/group_exact,oracle_dp,2,0.0026707,0,26584.8,26.6169,138,741.8
S1,cap8/group_exact,oracle_dp,3,0.0024613,0,28846.5,24.0451,143.8,597.6
S1,cap8/group_exact,reference,1,0.0018653,0,37527.5,12.0771,51.1,185.4
S1,cap8/group_exact,reference,2,0.0012852,0.015625,56022.4,8.67639,32.6,192.5
S1,cap8/group_exact,reference,3,0.0014327,0,50254.8,8.35139,33.5,124
S1,cap8/group_exact,sorted_chunk,1,0.0020341,0,39329.4,12.6062,50,198.2
S1,cap8/group_exact,sorted_chunk,2,0.0017711,0,45169.7,11.2125,54,122.1
S1,cap8/group_exact,sorted_chunk,3,0.0017763,0,45037.4,11.4962,52.6,119.3
S1,cap8/group_moderate,dp,1,0.0031617,0,22140,33.5443,184.2,1083.5
S1,cap8/group_moderate,dp,2,0.0028305,0,25437.2,28.0903,143.5,911.3
S1,cap8/group_moderate,dp,3,0.0025939,0,27757.4,26.9403,143.7,947.4
S1,cap8/group_moderate,fifo_chunk,1,0.0017894,0,39119.3,11.5557,46.5,123.3
S1,cap8/group_moderate,fifo_chunk,2,0.0017801,0,40447.2,11.2042,55,186.1
S1,cap8/group_moderate,fifo_chunk,3,0.0012412,0,58008.4,7.70278,29.7,117.5
S1,cap8/group_moderate,oracle_dp,1,0.0023994,0.015625,30007.5,22.9667,134.3,678.6
S1,cap8/group_moderate,oracle_dp,2,0.0022271,0,31880,21.9915,129.9,608.2
S1,cap8/group_moderate,oracle_dp,3,0.0024592,0,28871.2,23.6746,130.6,728
S1,cap8/group_moderate,reference,1,0.0011676,0,59952,7.65857,33.3,120.5
S1,cap8/group_moderate,reference,2,0.0020625,0,34909.1,12.9472,87.4,185.6
S1,cap8/group_moderate,reference,3,0.0012,0,60000,7.60972,33.1,130.4
S1,cap8/group_moderate,sorted_chunk,1,0.002209,0,36215.5,13.5563,58.4,119.9
S1,cap8/group_moderate,sorted_chunk,2,0.0023879,0,33502.2,13.6575,61.7,121.2
S1,cap8/group_moderate,sorted_chunk,3,0.0026064,0,30693.7,15.8525,70.7,120.8
S1,cap8/none,dp,1,0.0030239,0,23148.9,32.0571,136.5,1259.8
S1,cap8/none,dp,2,0.0022696,0,31723.7,21.7806,135.5,571.2
S1,cap8/none,dp,3,0.00266,0,27067.7,26.5792,150,852.8
S1,cap8/none,fifo_chunk,1,0.0024203,0,28922,20.5057,36.2,700.9
S1,cap8/none,fifo_chunk,2,0.001262,0,57052.3,8.26944,32.4,163.6
S1,cap8/none,fifo_chunk,3,0.0012119,0,59410.8,7.67639,33.9,120.8
S1,cap8/none,oracle_dp,1,0.0023455,0,30697.1,22.1681,133.6,622.7
S1,cap8/none,oracle_dp,2,0.0024654,0,28798.6,25.1352,135.6,798.6
S1,cap8/none,oracle_dp,3,0.0021972,0,32313.9,21.4056,131.3,581.9
S1,cap8/none,reference,1,0.0019682,0.015625,35565.5,16.7186,35.3,730.8
S1,cap8/none,reference,2,0.0012072,0,59642.1,7.72917,32.2,126.6
S1,cap8/none,reference,3,0.0012283,0,58617.6,7.91806,32.6,129.5
S1,cap8/none,sorted_chunk,1,0.0024614,0,28439.1,20.4886,34.5,921.8
S1,cap8/none,sorted_chunk,2,0.0014536,0,49532.2,9.27778,37.2,160.5
S1,cap8/none,sorted_chunk,3,0.0017502,0,41138.2,11.6528,59,177.3
S2,heavy/group,fifo+sample+late+first_free,1,0.0376366,0.046875,30874.2,16.5887,34.5,2170.3
S2,heavy/group,fifo+sample+late+first_free,2,0.0372253,0.03125,31806.3,16.1991,33.2,2853.4
S2,heavy/group,fifo+sample+late+first_free,3,0.0394742,0.03125,29335.6,17.2023,41.6,1550.7
S2,heavy/group,longest_first+sample+late+lpt,1,0.0446001,0.046875,25852,21.8252,47.4,4154.1
S2,heavy/group,longest_first+sample+late+lpt,2,0.0462043,0.03125,24716.3,23.1403,48.6,4749.3
S2,heavy/group,longest_first+sample+late+lpt,3,0.045963,0.046875,24889.6,22.683,53.5,3860.8
S2,heavy/group,online_adaptive,1,0.0370605,0.03125,31408.1,18.0828,36.1,2933
S2,heavy/group,online_adaptive,2,0.0449821,0.046875,25588,22.3231,45,5136.8
S2,heavy/group,online_adaptive,3,0.0436138,0.046875,26367.8,22.7384,48.8,6287.4
S2,heavy/group,online_eb,1,0.0529777,0.046875,21763.9,30.6603,75.4,4628.9
S2,heavy/group,online_eb,2,0.0520339,0.0625,22158.6,29.3232,63.7,4219.6
S2,heavy/group,online_eb,3,0.0502653,0.046875,22858.7,29.4356,65.6,4607.8
S2,heavy/group,oracle_lpt,1,0.0447421,0.046875,26574.5,21.3495,44.4,4483.3
S2,heavy/group,oracle_lpt,2,0.0398837,0.046875,29711.4,19.6021,37.4,5008.8
S2,heavy/group,oracle_lpt,3,0.0407181,0.046875,28832.4,19.6411,37.6,4994.5
S2,heavy/group,reference,1,0.0238299,0.03125,43642.7,9.34981,13.2,747.9
S2,heavy/group,reference,2,0.0290451,0.03125,35255.5,10.7429,13.4,789.5
S2,heavy/group,reference,3,0.0210145,0.015625,49204.1,8.54236,8.3,805.2
S2,heavy/none,fifo+sample+late+first_free,1,0.0456843,0.046875,25435.4,16.9301,32.8,2162.5
S2,heavy/none,fifo+sample+late+first_free,2,0.0409119,0.046875,28940.2,14.5062,26.5,1797.7
S2,heavy/none,fifo+sample+late+first_free,3,0.0345779,0.03125,33489.6,15.1241,27.8,2633.4
S2,heavy/none,longest_first+sample+late+lpt,1,0.0470113,0.046875,24908.9,19.311,44.9,3076.2
S2,heavy/none,longest_first+sample+late+lpt,2,0.0451391,0.046875,25853.4,21.1039,41.3,2603
S2,heavy/none,longest_first+sample+late+lpt,3,0.0396707,0.046875,29190.3,18.948,36.4,3024
S2,heavy/none,online_adaptive,1,0.0498536,0.0625,23488.8,24.2248,53.2,4587.4
S2,heavy/none,online_adaptive,2,0.0397068,0.03125,29642.3,19.0973,41.6,3192
S2,heavy/none,online_adaptive,3,0.0451917,0.046875,25624.2,22.5652,46.8,5296.3
S2,heavy/none,online_eb,1,0.0569883,0.0625,20548.1,34.0957,65.6,11916.1
S2,heavy/none,online_eb,2,0.0644656,0.0625,18211.3,37.2359,86.3,4276.2
S2,heavy/none,online_eb,3,0.051542,0.046875,22447.7,30.1006,67.1,3786.8
S2,heavy/none,oracle_lpt,1,0.0424108,0.03125,28035.3,21.2558,36,6824.5
S2,heavy/none,oracle_lpt,2,0.0463115,0.046875,25587.6,21.6738,47.5,4020.1
S2,heavy/none,oracle_lpt,3,0.0418891,0.046875,28026.4,20.2054,41.2,5287.4
S2,heavy/none,reference,1,0.0231248,0.015625,44973.4,9.28577,12,834.1
S2,heavy/none,reference,2,0.0210068,0.015625,48746.1,8.5917,8.4,830.3
S2,heavy/none,reference,3,0.0237505,0.03125,43535.9,9.86567,12.9,1521.2
S2,light/group,fifo+sample+late+first_free,1,0.034761,0.03125,32795.4,15.0905,31.5,1593.8
S2,light/group,fifo+sample+late+first_free,2,0.0463912,0.046875,24767.6,19.9419,36.8,2912.4
S2,light/group,fifo+sample+late+first_free,3,0.0371131,0.046875,31228.9,15.845,33.9,1698.9
S2,light/group,longest_first+sample+late+lpt,1,0.0400627,0.046875,28605.2,19.907,44.2,3589.8
S2,light/group,longest_first+sample+late+lpt,2,0.0441621,0.046875,25881.9,21.2705,46.4,2918.4
S2,light/group,longest_first+sample+late+lpt,3,0.0358419,0.046875,31443.6,17.9503,36.2,3101.3
S2,light/group,online_adaptive,1,0.0409845,0.046875,27961.8,20.4321,39.6,3805.5
S2,light/group,online_adaptive,2,0.0448838,0.046875,25465.8,22.6014,49.3,4842.4
S2,light/group,online_adaptive,3,0.0371611,0.03125,30542.7,18.6997,38.4,3309.6
S2,light/group,online_eb,1,0.0519375,0.0625,22007.2,29.5651,66.5,4054.4
S2,light/group,online_eb,2,0.0710949,0.078125,15950.5,43.7078,97.7,7770.4
S2,light/group,online_eb,3,0.0502998,0.046875,22564.7,29.6981,66.2,4402.8
S2,light/group,oracle_lpt,1,0.0435813,0.046875,27075.8,20.0439,42.9,3308.5
S2,light/group,oracle_lpt,2,0.0511788,0.0625,23115,25.1059,51.5,5094.8
S2,light/group,oracle_lpt,3,0.0379074,0.046875,30600.9,18.674,36.1,3464.6
S2,light/group,reference,1,0.0254278,0.03125,39720.3,10.3278,13.5,951.3
S2,light/group,reference,2,0.0315004,0.03125,32253.6,13.027,13.8,2105.5
S2,light/group,reference,3,0.0314821,0.03125,32462.9,12.106,14.1,1020.3
S2,light/none,fifo+sample+late+first_free,1,0.031803,0.03125,35845.7,14.2175,27.6,1720.3
S2,light/none,fifo+sample+late+first_free,2,0.0357486,0.046875,32141.1,15.6064,34.9,1701
S2,light/none,fifo+sample+late+first_free,3,0.0336642,0.046875,34428.3,14.6301,31,1582.1
S2,light/none,longest_first+sample+late+lpt,1,0.0399018,0.03125,29146.6,19.8259,41,4666.4
S2,light/none,longest_first+sample+late+lpt,2,0.0394017,0.046875,29313.5,18.8605,42.9,2522.1
S2,light/none,longest_first+sample+late+lpt,3,0.0425486,0.046875,26698.9,20.8607,44.9,4499
S2,light/none,online_adaptive,1,0.0403178,0.03125,28845.8,20.4326,41.7,4812.9
S2,light/none,online_adaptive,2,0.0408413,0.046875,28280.2,19.8609,45.4,2975.6
S2,light/none,online_adaptive,3,0.0394373,0.03125,28805.2,19.62,45.1,3147.2
S2,light/none,online_eb,1,0.0503073,0.046875,23038.4,29.2366,64.8,3777.8
S2,light/none,online_eb,2,0.0567286,0.046875,20272,33.077,89.8,4069.6
S2,light/none,online_eb,3,0.0577876,0.0625,19502.5,35.2643,87.2,4612.4
S2,light/none,oracle_lpt,1,0.0430304,0.03125,27422.5,20.4147,45.8,3377.5
S2,light/none,oracle_lpt,2,0.0435244,0.046875,27180.2,20.4516,38.5,3431
S2,light/none,oracle_lpt,3,0.0459746,0.046875,25231.3,22.862,49.5,4343.3
S2,light/none,reference,1,0.0227875,0.03125,44322.5,9.05525,10.3,841.7
S2,light/none,reference,2,0.0280053,0.03125,36278.8,11.4542,13.1,1685.6
S2,light/none,reference,3,0.0293194,0.03125,34857.5,11.4538,13.5,758.8
S3,eta0,best_s2+carry,1,0.683587,0.640625,25386.7,20.0743,42.4,21261.5
S3,eta0,best_s2+carry,2,0.724372,0.71875,24062.2,19.8371,42.7,6490.8
S3,eta0,best_s2+carry,3,0.732339,0.734375,23881,20.0801,42.3,6159.2
S3,eta0,best_s2+wait,1,0.554326,0.5625,25306.4,18.6679,38.2,9313.4
S3,eta0,best_s2+wait,2,0.560477,0.5625,25096.5,18.4157,38.7,5925.9
S3,eta0,best_s2+wait,3,0.551021,0.53125,25443.7,17.9831,36.2,5630.4
S3,eta0,reference,1,0.382878,0.359375,32652.7,12.0422,13.5,23577.6
S3,eta0,reference,2,0.375597,0.359375,33288.3,10.4313,13.2,7045.6
S3,eta0,reference,3,0.39483,0.390625,31679.5,10.6417,13.4,3810
S3,eta1,best_s2+carry,1,0.64757,0.625,26738.4,16.4667,43.7,6659.7
S3,eta1,best_s2+carry,2,0.669412,0.671875,25843.6,16.9232,44.9,6108.8
S3,eta1,best_s2+carry,3,0.674589,0.671875,25704.5,16.7185,43.3,5911.6
S3,eta1,best_s2+wait,1,0.560291,0.546875,26698.6,16.7271,37.9,5673.4
S3,eta1,best_s2+wait,2,0.583005,0.578125,25543.5,17.4262,37.8,6635.5
S3,eta1,best_s2+wait,3,0.567485,0.5625,26369,17.0602,38.8,5764.5
S3,eta1,reference,1,0.402578,0.390625,33581,10.1199,13.1,4168.8
S3,eta1,reference,2,0.399957,0.390625,33326,10.2647,13.2,3923.5
S3,eta1,reference,3,0.429635,0.421875,31140.4,10.9479,13.7,4229.5
S3,eta1-interrupt,best_s2+carry,1,0.728704,0.71875,23967.2,21.2518,44.9,34701.3
S3,eta1-interrupt,best_s2+carry,2,0.742058,0.75,23740.7,21.7756,44.1,36163.9
S3,eta1-interrupt,best_s2+carry,3,0.819054,0.828125,21709.2,21.4579,47.6,6658.6
S3,eta1-interrupt,best_s2+wait,1,0.598324,0.59375,25009.9,20.9029,38.3,39236.5
S3,eta1-interrupt,best_s2+wait,2,0.608677,0.609375,24461.3,19.0743,38.3,7217.6
S3,eta1-interrupt,best_s2+wait,3,0.656099,0.65625,22740.5,22.7192,41.5,40622.4
S3,eta1-interrupt,reference,1,0.389302,0.390625,34703.1,9.91818,13,4553
S3,eta1-interrupt,reference,2,0.434562,0.421875,30669.9,10.8632,13.6,4370.7
S3,eta1-interrupt,reference,3,0.394617,0.390625,33903.8,12.6537,12.6,38304.5
S3,eta1-swap,best_s2+carry,1,0.698576,0.703125,25035.2,19.7891,43.3,21564.5
S3,eta1-swap,best_s2+carry,2,0.713474,0.71875,24757.7,19.077,43.7,6035
S3,eta1-swap,best_s2+carry,3,0.749501,0.75,23747.8,19.5073,43.5,9732.5
S3,eta1-swap,best_s2+wait,1,0.603839,0.59375,24740.1,19.9332,36.6,23036.2
S3,eta1-swap,best_s2+wait,2,0.579393,0.59375,25654.4,18.5121,38.4,7795.1
S3,eta1-swap,best_s2+wait,3,0.587399,0.59375,25366.1,18.1817,37.5,6474.3
S3,eta1-swap,reference,1,0.402879,0.40625,33456.7,10.4275,13.3,3910.5
S3,eta1-swap,reference,2,0.382983,0.390625,34730,9.96836,13,3512.8
S3,eta1-swap,reference,3,0.390672,0.390625,34138.6,10.2672,13.3,4058.3
S3,eta2,best_s2+carry,1,0.67637,0.6875,23896.7,19.6436,49.6,7354.5
S3,eta2,best_s2+carry,2,0.68027,0.6875,23536.2,19.7773,49.3,8156.6
S3,eta2,best_s2+carry,3,0.680811,0.6875,22987.3,19.7663,49.4,7153
S3,eta2,best_s2+wait,1,0.563449,0.546875,26549,17.164,37.7,5629.1
S3,eta2,best_s2+wait,2,0.565827,0.546875,26319,17.1394,35.8,8977.6
S3,eta2,best_s2+wait,3,0.584051,0.59375,25621.1,17.4205,38.6,5555.6
S3,eta2,reference,1,0.408138,0.40625,33123.6,10.4554,13.5,4003.6
S3,eta2,reference,2,0.418896,0.421875,31819.4,10.8065,13.6,6896.6
S3,eta2,reference,3,0.386309,0.375,34632.9,10.0257,13.3,3866.2
S3,eta4,best_s2+carry,1,0.685315,0.6875,23419.9,19.6569,50,7157.2
S3,eta4,best_s2+carry,2,0.651505,0.65625,24483.3,19.0766,48.6,6768.1
S3,eta4,best_s2+carry,3,0.664985,0.671875,23653.1,19.5954,49.3,7577.2
S3,eta4,best_s2+wait,1,0.593259,0.59375,25215,17.0832,37,8511.5
S3,eta4,best_s2+wait,2,0.523222,0.53125,28462.1,16.0169,35.9,5974
S3,eta4,best_s2+wait,3,0.541086,0.546875,27655.5,16.5126,37.7,5913.5
S3,eta4,reference,1,0.429063,0.4375,31508.2,10.969,13.5,3510.9
S3,eta4,reference,2,0.395946,0.40625,33663.7,10.365,13.3,3889.9
S3,eta4,reference,3,0.396698,0.390625,33725.9,10.4592,13.4,7006.6
S5,servers16,best_s2+v_fifo,1,0.620793,0.609375,24006.4,19.2243,39.9,7806
S5,servers16,best_s2+v_fifo,2,0.666432,0.671875,22269.3,22.0561,41.6,27059.1
S5,servers16,best_s2+v_fifo,3,0.598606,0.578125,24986.4,17.3929,37.3,6809.9
S5,servers16,best_s2+v_group_first,1,0.806364,0.8125,18540,21.3373,42.2,6893
S5,servers16,best_s2+v_group_first,2,0.740456,0.71875,20084.9,20.127,39.1,25444.1
S5,servers16,best_s2+v_group_first,3,0.743301,0.75,20145.3,18.5958,38.6,8374.2
S5,servers16,best_s2+v_shortest_first,1,0.716918,0.6875,20837.8,19.6638,41,5550.5
S5,servers16,best_s2+v_shortest_first,2,0.692435,0.703125,21487.9,18.4478,39.6,5601.7
S5,servers16,best_s2+v_shortest_first,3,0.685144,0.6875,21887.4,18.3327,39.7,7494.5
S5,servers16,reference,1,0.429003,0.421875,31291.1,11.0478,13.7,3795.7
S5,servers16,reference,2,0.45193,0.4375,29376.2,11.7358,13.6,3863.2
S5,servers16,reference,3,0.438379,0.4375,30272.9,11.213,13.6,5708.8
S5,servers32,best_s2+v_fifo,1,0.584379,0.578125,25584.4,16.8959,38,7445.1
S5,servers32,best_s2+v_fifo,2,0.590083,0.578125,25242.2,19.8827,39.8,41261.2
S5,servers32,best_s2+v_fifo,3,0.627537,0.609375,23926.9,20.8871,39.9,47733.3
S5,servers32,best_s2+v_group_first,1,0.611554,0.609375,24398.5,17.0642,38.4,6100.9
S5,servers32,best_s2+v_group_first,2,0.671355,0.65625,22192.4,21.5008,42,43972.3
S5,servers32,best_s2+v_group_first,3,0.660482,0.65625,22757.6,18.5941,40.8,5753.1
S5,servers32,best_s2+v_shortest_first,1,0.58435,0.578125,25534.4,16.801,37.1,6208.6
S5,servers32,best_s2+v_shortest_first,2,0.659309,0.65625,22596.4,21.5089,40.6,49879.8
S5,servers32,best_s2+v_shortest_first,3,0.654246,0.65625,22966.9,20.8777,40.1,42643.2
S5,servers32,reference,1,0.446411,0.453125,30268.1,10.7357,13.5,4116.1
S5,servers32,reference,2,0.401555,0.390625,33161.1,12.8367,13.1,41933.2
S5,servers32,reference,3,0.451005,0.453125,29740.2,10.9531,13.6,4655
S5,servers4,best_s2+v_fifo,1,0.675566,0.671875,22046.7,26.0333,40.5,47994.5
S5,servers4,best_s2+v_fifo,2,0.650014,0.625,22834.9,22.6473,40.8,6060
S5,servers4,best_s2+v_fifo,3,0.641323,0.640625,23255.1,22.4128,41,5624.2
S5,servers4,best_s2+v_group_first,1,0.839932,0.84375,17728.8,21.6073,37.2,6150.1
S5,servers4,best_s2+v_group_first,2,0.879592,0.875,16854.4,23.3508,41.8,10123.8
S5,servers4,best_s2+v_group_first,3,0.895178,0.890625,16651.4,23.2435,41.1,5855.5
S5,servers4,best_s2+v_shortest_first,1,0.757941,0.734375,19721.9,23.5779,39.6,42067.6
S5,servers4,best_s2+v_shortest_first,2,0.724663,0.703125,20500.6,20.4231,38.8,5808
S5,servers4,best_s2+v_shortest_first,3,0.734774,0.734375,20372.3,20.59,39.6,6204.1
S5,servers4,reference,1,0.450215,0.4375,29583.6,14.326,14.3,33928.3
S5,servers4,reference,2,0.366949,0.34375,35980.5,9.95215,12.9,5171.8
S5,servers4,reference,3,0.416941,0.421875,31709.5,11.1126,13.4,4931.2
S5,servers8,best_s2+v_fifo,1,0.605334,0.609375,24609.6,20.2702,36.8,6334.1
S5,servers8,best_s2+v_fifo,2,0.629759,0.609375,23583.6,21.25,40.4,9594.8
S5,servers8,best_s2+v_fifo,3,0.603103,0.609375,24770.2,20.1663,38.6,9318.9
S5,servers8,best_s2+v_group_first,1,0.827679,0.828125,18005.8,21.4452,39.9,6108.2
S5,servers8,best_s2+v_group_first,2,0.817187,0.828125,18152.5,21.0729,39.9,8700.8
S5,servers8,best_s2+v_group_first,3,0.833985,0.828125,17917.6,21.4099,40.7,5610
S5,servers8,best_s2+v_shortest_first,1,0.715924,0.71875,20870.9,20.1847,39.1,5416.5
S5,servers8,best_s2+v_shortest_first,2,0.718264,0.71875,20701.3,19.9872,39.2,6508.2
S5,servers8,best_s2+v_shortest_first,3,0.734913,0.734375,20365.7,20.5383,39.6,7316.8
S5,servers8,reference,1,0.421481,0.421875,31674,11.1428,13.7,5603.1
S5,servers8,reference,2,0.375767,0.375,35229.3,10.2415,13.3,4387.6
S5,servers8,reference,3,0.426695,0.4375,31066.7,11.1132,13.6,5800.9
S8,eta2/estimates_degrade,best_s2+abort(1.5),1,0.694532,0.6875,25362.4,19.0351,44.7,46309.3
S8,eta2/estimates_degrade,best_s2+abort(1.5),2,0.767752,0.75,23591,20.625,46.1,44753.7
S8,eta2/estimates_degrade,best_s2+abort(1.5),3,0.748271,0.75,24320.1,17.6348,45.1,8114.3
S8,eta2/estimates_degrade,best_s2+wait,1,0.60007,0.59375,24923.8,20.5889,38.8,51949.5
S8,eta2/estimates_degrade,best_s2+wait,2,0.575999,0.5625,25750,19.9659,39.2,45886.8
S8,eta2/estimates_degrade,best_s2+wait,3,0.620367,0.609375,24159.9,21.2374,40.8,41071.1
S8,eta2/estimates_degrade,online_adaptive+abort(1.5),1,0.803217,0.8125,21961.7,24.5833,59.2,50556.2
S8,eta2/estimates_degrade,online_adaptive+abort(1.5),2,0.825675,0.8125,21880.3,24.6751,59.6,55569.8
S8,eta2/estimates_degrade,online_adaptive+abort(1.5),3,0.841146,0.84375,21211.5,22.9151,61.7,7402.1
S8,eta2/estimates_degrade,online_adaptive+wait,1,0.672623,0.671875,22220.5,21.0543,53.7,6378.3
S8,eta2/estimates_degrade,online_adaptive+wait,2,0.653163,0.640625,22730.9,21.6541,54,6231.4
S8,eta2/estimates_degrade,online_adaptive+wait,3,0.670114,0.640625,22393.2,22.24,55.4,6828.6
S8,eta2/estimates_degrade,online_eb+abort_pred(1.5),1,0.96223,0.96875,15534.7,41.3192,104.7,45342.3
S8,eta2/estimates_degrade,online_eb+abort_pred(1.5),2,0.938409,0.921875,15851.3,37.7078,106,10167.4
S8,eta2/estimates_degrade,online_eb+abort_pred(1.5),3,0.942926,0.921875,15809.3,38.0671,110.3,10583.6
S8,eta2/estimates_degrade,online_eb+wait,1,0.853608,0.859375,17494,34.839,90.2,7689.3
S8,eta2/estimates_degrade,online_eb+wait,2,0.847244,0.828125,17531,36.3501,90.6,40494.5
S8,eta2/estimates_degrade,online_eb+wait,3,0.86951,0.859375,17217.7,34.7379,92.8,7684.4
S8,eta2/estimates_degrade,reference,1,0.458634,0.453125,29476.7,11.1453,13.6,5021.1
S8,eta2/estimates_degrade,reference,2,0.423019,0.421875,31509.2,13.7718,13.3,50888.7
S8,eta2/estimates_degrade,reference,3,0.42441,0.421875,31523.8,10.5999,13.3,6407.2
S8,eta2/none,best_s2+abort(1.5),1,0.693148,0.6875,25493.8,19.1381,43.7,48375.2
S8,eta2/none,best_s2+abort(1.5),2,0.779981,0.765625,23273.6,20.7362,48.2,42659.7
S8,eta2/none,best_s2+abort(1.5),3,0.747355,0.75,24511.8,17.6274,44.8,7987.7
S8,eta2/none,best_s2+wait,1,0.602475,0.609375,24829.2,20.3625,39.8,44095.7
S8,eta2/none,best_s2+wait,2,0.608754,0.609375,24463.1,18.2577,38.7,9908.7
S8,eta2/none,best_s2+wait,3,0.605829,0.609375,24700,20.7952,40.7,45685.2
S8,eta2/none,online_adaptive+abort(1.5),1,0.844256,0.84375,21598.9,24.713,60.7,42973.6
S8,eta2/none,online_adaptive+abort(1.5),2,0.872031,0.875,20742.4,25.4374,62.7,37901.1
S8,eta2/none,online_adaptive+abort(1.5),3,0.755741,0.75,23725.1,22.3771,56.5,44566.4
S8,eta2/none,online_adaptive+wait,1,0.646287,0.65625,23184.7,23.5179,52.1,54246.8
S8,eta2/none,online_adaptive+wait,2,0.646305,0.640625,23068.1,21.1046,53.6,7058.3
S8,eta2/none,online_adaptive+wait,3,0.678016,0.6875,22085,24.9003,55,47153.7
S8,eta2/none,online_eb+abort_pred(1.5),1,0.927197,0.921875,16032.2,39.559,103.6,45777.4
S8,eta2/none,online_eb+abort_pred(1.5),2,0.97095,0.96875,15361.2,38.9804,108.2,8683.2
S8,eta2/none,online_eb+abort_pred(1.5),3,0.890997,0.84375,16609.5,35.9581,103.2,8036.4
S8,eta2/none,online_eb+wait,1,0.863355,0.859375,17341.6,33.6708,90.6,7078.4
S8,eta2/none,online_eb+wait,2,0.931495,0.90625,16043,37.3147,98.1,12316.2
S8,eta2/none,online_eb+wait,3,0.857163,0.859375,17442.4,33.9611,93.2,7405.4
S8,eta2/none,reference,1,0.4439,0.4375,30455.1,13.7322,13.6,41198.1
S8,eta2/none,reference,2,0.436923,0.4375,30506.5,10.7905,13.5,7440.5
S8,eta2/none,reference,3,0.448131,0.421875,29855.1,11.2167,13.7,3754
S8,eta2/tail_heavier,best_s2+abort(1.5),1,0.720016,0.71875,24982.8,17.533,44.7,6444.6
S8,eta2/tail_heavier,best_s2+abort(1.5),2,0.780962,0.765625,23499.2,18.8507,46.6,7323.2
S8,eta2/tail_heavier,best_s2+abort(1.5),3,0.784616,0.78125,23825.7,19.5184,45.6,26914
S8,eta2/tail_heavier,best_s2+wait,1,0.620666,0.609375,24146.7,18.5002,39.2,8674
S8,eta2/tail_heavier,best_s2+wait,2,0.585282,0.5625,25521,17.7092,39.8,7651.4
S8,eta2/tail_heavier,best_s2+wait,3,0.626377,0.625,23984,18.7243,39.8,8505.9
S8,eta2/tail_heavier,online_adaptive+abort(1.5),1,0.851338,0.84375,21644.8,22.63,60.7,9217
S8,eta2/tail_heavier,online_adaptive+abort(1.5),2,0.850391,0.828125,21817,22.446,60.4,6108.3
S8,eta2/tail_heavier,online_adaptive+abort(1.5),3,0.823126,0.828125,22418.2,21.8252,58.7,9318.8
S8,eta2/tail_heavier,online_adaptive+wait,1,0.692884,0.6875,21683.3,22.8128,55.7,7724.5
S8,eta2/tail_heavier,online_adaptive+wait,2,0.65209,0.640625,22935.5,21.5538,54.3,6089.4
S8,eta2/tail_heavier,online_adaptive+wait,3,0.667863,0.65625,22491.1,22.0453,55.3,9722.7
S8,eta2/tail_heavier,online_eb+abort_pred(1.5),1,0.963064,0.96875,15551.4,39.0243,107.9,7959.6
S8,eta2/tail_heavier,online_eb+abort_pred(1.5),2,0.943914,0.9375,15638.1,38.0023,105.2,9690.4
S8,eta2/tail_heavier,online_eb+abort_pred(1.5),3,0.888007,0.875,16668.8,35.7615,100.6,11115.5
S8,eta2/tail_heavier,online_eb+wait,1,0.873611,0.875,17181.6,34.7967,93.2,7490
S8,eta2/tail_heavier,online_eb+wait,2,0.913899,0.90625,16362.9,37.187,96.8,10170.4
S8,eta2/tail_heavier,online_eb+wait,3,0.867118,0.875,17295.2,33.731,89.8,8933.6
S8,eta2/tail_heavier,reference,1,0.440657,0.4375,30617.9,11.0937,13.7,4373.6
S8,eta2/tail_heavier,reference,2,0.437068,0.4375,30443.8,10.9145,13.7,3972.6
S8,eta2/tail_heavier,reference,3,0.452386,0.453125,29607.5,11.5406,13.7,5634.5
