scenario,variant,policy,metric,diff_mean,diff_ci,n,wins,ties,losses
S1,cap16/group_exact,fifo_chunk,J,-0.173189,0.0741681,20,18,0,2
S1,cap16/group_exact,fifo_chunk,phase_time_s,1.4871,3.79412,20,6,3,11
S1,cap16/group_exact,sorted_chunk,J,-0.268218,0.137227,20,17,0,3
S1,cap16/group_exact,sorted_chunk,phase_time_s,10.4368,7.4767,20,6,0,14
S1,cap16/group_exact,dp,J,-0.00951393,0.00560225,20,4,16,0
S1,cap16/group_exact,dp,phase_time_s,-0.03365,0.0332955,20,0,20,0
S1,cap16/group_exact,oracle_dp,J,-0.148605,0.0485202,20,20,0,0
S1,cap16/group_exact,oracle_dp,phase_time_s,-1.47485,1.60627,20,7,13,0
S1,cap16/group_moderate,fifo_chunk,J,-0.173189,0.0741681,20,18,0,2
S1,cap16/group_moderate,fifo_chunk,phase_time_s,1.4871,3.79412,20,6,3,11
S1,cap16/group_moderate,sorted_chunk,J,-0.266095,0.139854,20,16,1,3
S1,cap16/group_moderate,sorted_chunk,phase_time_s,10.5724,7.62988,20,5,1,14
S1,cap16/group_moderate,dp,J,-0.00646934,0.00535497,20,3,17,0
S1,cap16/group_moderate,dp,phase_time_s,-0.03845,0.0387617,20,0,20,0
S1,cap16/group_moderate,oracle_dp,J,-0.148605,0.0485202,20,20,0,0
S1,cap16/group_moderate,oracle_dp,phase_time_s,-1.47485,1.60627,20,7,13,0
S1,cap16/none,fifo_chunk,J,-0.173189,0.0741681,20,18,0,2
S1,cap16/none,fifo_chunk,phase_time_s,1.4871,3.79412,20,6,3,11
S1,cap16/none,sorted_chunk,J,-0.173189,0.0741681,20,18,0,2
S1,cap16/none,sorted_chunk,phase_time_s,1.4871,3.79412,20,6,3,11
S1,cap16/none,dp,J,0,0,20,0,20,0
S1,cap16/none,dp,phase_time_s,0,0,20,0,20,0
S1,cap16/none,oracle_dp,J,-0.148605,0.0485202,20,20,0,0
S1,cap16/none,oracle_dp,phase_time_s,-1.47485,1.60627,20,7,13,0
S1,cap8/group_exact,fifo_chunk,J,0,0,20,0,20,0
S1,cap8/group_exact,fifo_chunk,phase_time_s,0,0,20,0,20,0
S1,cap8/group_exact,sorted_chunk,J,-0.0952563,0.113905,20,13,0,7
S1,cap8/group_exact,sorted_chunk,phase_time_s,8.94975,6.42844,20,5,0,15
S1,cap8/group_exact,dp,J,-0.0989477,0.0582391,20,12,7,1
S1,cap8/group_exact,dp,phase_time_s,-5.11445,3.26662,20,12,6,2
S1,cap8/group_exact,oracle_dp,J,-0.297352,0.0770846,20,20,0,0
S1,cap8/group_exact,oracle_dp,phase_time_s,-8.4296,3.51715,20,14,6,0
S1,cap8/group_moderate,fifo_chunk,J,0,0,20,0,20,0
S1,cap8/group_moderate,fifo_chunk,phase_time_s,0,0,20,0,20,0
S1,cap8/group_moderate,sorted_chunk,J,-0.0931374,0.119005,20,12,2,6
S1,cap8/group_moderate,sorted_chunk,phase_time_s,9.0853,6.66342,20,6,0,14
S1,cap8/group_moderate,dp,J,-0.0874493,0.0634258,20,10,8,2
S1,cap8/group_moderate,dp,phase_time_s,-4.59955,3.39691,20,10,7,3
S1,cap8/group_moderate,oracle_dp,J,-0.297352,0.0770846,20,20,0,0
S1,cap8/group_moderate,oracle_dp,phase_time_s,-8.4296,3.51715,20,14,6,0
S1,cap8/none,fifo_chunk,J,0,0,20,0,20,0
S1,cap8/none,fifo_chunk,phase_time_s,0,0,20,0,20,0
S1,cap8/none,sorted_chunk,J,0,0,20,0,20,0
S1,cap8/none,sorted_chunk,phase_time_s,0,0,20,0,20,0
S1,cap8/none,dp,J,0,0,20,0,20,0
S1,cap8/none,dp,phase_time_s,0,0,20,0,20,0
S1,cap8/none,oracle_dp,J,-0.297352,0.0770846,20,20,0,0
S1,cap8/none,oracle_dp,phase_time_s,-8.4296,3.51715,20,14,6,0
S10,eta1,best_s2+wait,J,-0.293406,0.0401285,20,20,0,0
S10,eta1,best_s2+wait,step_time_mean_s,-16.3318,2.32353,20,20,0,0
S10,eta1,best_s2+carry(1.25),J,-0.0999701,0.0405207,20,17,2,1
S10,eta1,best_s2+carry(1.25),step_time_mean_s,-40.5843,2.24477,20,20,0,0
S10,eta1,best_s2+carry(1.25)+deadline,J,-0.163293,0.0318472,20,20,0,0
S10,eta1,best_s2+carry(1.25)+deadline,step_time_mean_s,-33.5552,2.19405,20,20,0,0
S10,eta1,best_s2+carry(1.5),J,-0.0772708,0.0410596,20,16,0,4
S10,eta1,best_s2+carry(1.5),step_time_mean_s,-42.0349,2.31508,20,20,0,0
S10,eta1,best_s2+carry(1.5)+deadline,J,-0.162266,0.0393151,20,19,1,0
S10,eta1,best_s2+carry(1.5)+deadline,step_time_mean_s,-32.6203,2.14093,20,20,0,0
S10,eta1,best_s2+carry(2),J,-0.0508575,0.0430298,20,14,1,5
S10,eta1,best_s2+carry(2),step_time_mean_s,-41.7155,2.2325,20,20,0,0
S10,eta1,best_s2+carry(2)+deadline,J,-0.147543,0.0348443,20,19,1,0
S10,eta1,best_s2+carry(2)+deadline,step_time_mean_s,-33.523,2.34114,20,20,0,0
S2,heavy/group,fifo+group+early+least_loaded,J,-0.0609616,0.0439611,20,14,2,4
S2,heavy/group,fifo+group+early+least_loaded,phase_time_s,-2.52655,2.3531,20,11,3,6
S2,heavy/group,fifo+group+early+lpt,J,-0.138903,0.0509084,20,18,0,2
S2,heavy/group,fifo+group+early+lpt,phase_time_s,-7.65445,2.73727,20,18,1,1
S2,heavy/group,fifo+group+late+first_free,J,-0.0490119,0.0377476,20,14,2,4
S2,heavy/group,fifo+group+late+first_free,phase_time_s,-2.03625,1.85407,20,11,5,4
S2,heavy/group,fifo+group+late+round_robin,J,-0.0332331,0.0290949,20,13,1,6
S2,heavy/group,fifo+group+late+round_robin,phase_time_s,-1.2566,1.63655,20,11,3,6
S2,heavy/group,fifo+group+late+least_loaded,J,-0.044282,0.0347673,20,14,1,5
S2,heavy/group,fifo+group+late+least_loaded,phase_time_s,-1.65395,1.64787,20,14,1,5
S2,heavy/group,fifo+group+late+lpt,J,-0.0355938,0.0399425,20,12,3,5
S2,heavy/group,fifo+group+late+lpt,phase_time_s,-1.25585,1.96757,20,12,1,7
S2,heavy/group,fifo+sample+early+round_robin,J,-0.110104,0.0399084,20,18,0,2
S2,heavy/group,fifo+sample+early+round_robin,phase_time_s,-3.4195,1.91076,20,14,5,1
S2,heavy/group,fifo+sample+early+least_loaded,J,-0.110104,0.0399084,20,18,0,2
S2,heavy/group,fifo+sample+early+least_loaded,phase_time_s,-3.4195,1.91076,20,14,5,1
S2,heavy/group,fifo+sample+early+lpt,J,-0.161696,0.0555115,20,18,1,1
S2,heavy/group,fifo+sample+early+lpt,phase_time_s,-7.29015,2.8834,20,18,1,1
S2,heavy/group,fifo+sample+late+first_free,J,-0.106446,0.0483966,20,16,1,3
S2,heavy/group,fifo+sample+late+first_free,phase_time_s,-4.05305,2.16023,20,14,2,4
S2,heavy/group,fifo+sample+late+round_robin,J,-0.102813,0.0402508,20,18,0,2
S2,heavy/group,fifo+sample+late+round_robin,phase_time_s,-3.68,1.94688,20,17,0,3
S2,heavy/group,fifo+sample+late+least_loaded,J,-0.10395,0.0403513,20,18,2,0
S2,heavy/group,fifo+sample+late+least_loaded,phase_time_s,-3.7354,1.96013,20,16,2,2
S2,heavy/group,fifo+sample+late+lpt,J,-0.102458,0.0380429,20,18,2,0
S2,heavy/group,fifo+sample+late+lpt,phase_time_s,-3.67965,1.90905,20,16,2,2
S2,heavy/group,longest_first+group+early+round_robin,J,-0.117052,0.0438399,20,18,1,1
S2,heavy/group,longest_first+group+early+round_robin,phase_time_s,-6.79505,2.44974,20,18,1,1
S2,heavy/group,longest_first+group+early+least_loaded,J,-0.138903,0.0509084,20,18,0,2
S2,heavy/group,longest_first+group+early+least_loaded,phase_time_s,-7.65445,2.73727,20,18,1,1
S2,heavy/group,longest_first+group+early+lpt,J,-0.138903,0.0509084,20,18,0,2
S2,heavy/group,longest_first+group+early+lpt,phase_time_s,-7.65445,2.73727,20,18,1,1
S2,heavy/group,longest_first+group+late+first_free,J,-0.0758367,0.063045,20,13,2,5
S2,heavy/group,longest_first+group+late+first_free,phase_time_s,-5.3712,3.21628,20,15,1,4
S2,heavy/group,longest_first+group+late+round_robin,J,-0.123387,0.0455768,20,18,1,1
S2,heavy/group,longest_first+group+late+round_robin,phase_time_s,-7.12665,2.50824,20,18,1,1
S2,heavy/group,longest_first+group+late+least_loaded,J,-0.139392,0.0468901,20,18,1,1
S2,heavy/group,longest_first+group+late+least_loaded,phase_time_s,-7.6329,2.54827,20,19,0,1
S2,heavy/group,longest_first+group+late+lpt,J,-0.133489,0.0474356,20,19,0,1
S2,heavy/group,longest_first+group+late+lpt,phase_time_s,-7.3347,2.60055,20,19,0,1
S2,heavy/group,longest_first+sample+early+round_robin,J,-0.159645,0.0559312,20,18,1,1
S2,heavy/group,longest_first+sample+early+round_robin,phase_time_s,-7.1681,2.8913,20,18,1,1
S2,heavy/group,longest_first+sample+early+least_loaded,J,-0.159645,0.0559312,20,18,1,1
S2,heavy/group,longest_first+sample+early+least_loaded,phase_time_s,-7.1681,2.8913,20,18,1,1
S2,heavy/group,longest_first+sample+early+lpt,J,-0.161696,0.0555115,20,18,1,1
S2,heavy/group,longest_first+sample+early+lpt,phase_time_s,-7.29015,2.8834,20,18,1,1
S2,heavy/group,longest_first+sample+late+first_free,J,-0.0933004,0.0550177,20,13,4,3
S2,heavy/group,longest_first+sample+late+first_free,phase_time_s,-4.6678,2.47075,20,13,4,3
S2,heavy/group,longest_first+sample+late+round_robin,J,-0.167014,0.0521227,20,19,0,1
S2,heavy/group,longest_first+sample+late+round_robin,phase_time_s,-7.65545,2.7176,20,19,0,1
S2,heavy/group,longest_first+sample+late+least_loaded,J,-0.166865,0.0522402,20,19,0,1
S2,heavy/group,longest_first+sample+late+least_loaded,phase_time_s,-7.6468,2.72578,20,19,0,1
S2,heavy/group,longest_first+sample+late+lpt,J,-0.166865,0.0522402,20,19,0,1
S2,heavy/group,longest_first+sample+late+lpt,phase_time_s,-7.6468,2.72578,20,19,0,1
S2,heavy/group,online_adaptive,J,-0.166969,0.0521267,20,19,0,1
S2,heavy/group,online_adaptive,phase_time_s,-7.653,2.71794,20,19,0,1
S2,heavy/group,online_eb,J,-0.166986,0.0525593,20,19,0,1
S2,heavy/group,online_eb,phase_time_s,-7.65535,2.74099,20,18,1,1
S2,heavy/group,oracle_lpt,J,-0.228903,0.0507418,20,20,0,0
S2,heavy/group,oracle_lpt,phase_time_s,-9.6635,2.57111,20,20,0,0
S2,heavy/none,fifo+group+early+least_loaded,J,0,0,20,0,20,0
S2,heavy/none,fifo+group+early+least_loaded,phase_time_s,0,0,20,0,20,0
S2,heavy/none,fifo+group+early+lpt,J,0,0,20,0,20,0
S2,heavy/none,fifo+group+early+lpt,phase_time_s,0,0,20,0,20,0
S2,heavy/none,fifo+group+late+first_free,J,-0.0490119,0.0377476,20,14,2,4
S2,heavy/none,fifo+group+late+first_free,phase_time_s,-2.03625,1.85407,20,11,5,4
S2,heavy/none,fifo+group+late+round_robin,J,-0.0332331,0.0290949,20,13,1,6
S2,heavy/none,fifo+group+late+round_robin,phase_time_s,-1.2566,1.63655,20,11,3,6
S2,heavy/none,fifo+group+late+least_loaded,J,-0.0331042,0.029154,20,13,1,6
S2,heavy/none,fifo+group+late+least_loaded,phase_time_s,-1.2566,1.63655,20,11,3,6
S2,heavy/none,fifo+group+late+lpt,J,-0.0331042,0.029154,20,13,1,6
S2,heavy/none,fifo+group+late+lpt,phase_time_s,-1.2566,1.63655,20,11,3,6
S2,heavy/none,fifo+sample+early+round_robin,J,-0.110104,0.0399084,20,18,0,2
S2,heavy/none,fifo+sample+early+round_robin,phase_time_s,-3.4195,1.91076,20,14,5,1
S2,heavy/none,fifo+sample+early+least_loaded,J,-0.110104,0.0399084,20,18,0,2
S2,heavy/none,fifo+sample+early+least_loaded,phase_time_s,-3.4195,1.91076,20,14,5,1
S2,heavy/none,fifo+sample+early+lpt,J,-0.110104,0.0399084,20,18,0,2
S2,heavy/none,fifo+sample+early+lpt,phase_time_s,-3.4195,1.91076,20,14,5,1
S2,heavy/none,fifo+sample+late+first_free,J,-0.106446,0.0483966,20,16,1,3
S2,heavy/none,fifo+sample+late+first_free,phase_time_s,-4.05305,2.16023,20,14,2,4
S2,heavy/none,fifo+sample+late+round_robin,J,-0.102813,0.0402508,20,18,0,2
S2,heavy/none,fifo+sample+late+round_robin,phase_time_s,-3.68,1.94688,20,17,0,3
S2,heavy/none,fifo+sample+late+least_loaded,J,-0.103663,0.0401164,20,18,2,0
S2,heavy/none,fifo+sample+late+least_loaded,phase_time_s,-3.7236,1.9496,20,16,2,2
S2,heavy/none,fifo+sample+late+lpt,J,-0.103663,0.0401164,20,18,2,0
S2,heavy/none,fifo+sample+late+lpt,phase_time_s,-3.7236,1.9496,20,16,2,2
S2,heavy/none,longest_first+group+early+round_robin,J,0,0,20,0,20,0
S2,heavy/none,longest_first+group+early+round_robin,phase_time_s,0,0,20,0,20,0
S2,heavy/none,longest_first+group+early+least_loaded,J,0,0,20,0,20,0
S2,heavy/none,longest_first+group+early+least_loaded,phase_time_s,0,0,20,0,20,0
S2,heavy/none,longest_first+group+early+lpt,J,0,0,20,0,20,0
S2,heavy/none,longest_first+group+early+lpt,phase_time_s,0,0,20,0,20,0
S2,heavy/none,longest_first+group+late+first_free,J,-0.0490119,0.0377476,20,14,2,4
S2,heavy/none,longest_first+group+late+first_free,phase_time_s,-2.03625,1.85407,20,11,5,4
S2,heavy/none,longest_first+group+late+round_robin,J,-0.0332331,0.0290949,20,13,1,6
S2,heavy/none,longest_first+group+late+round_robin,phase_time_s,-1.2566,1.63655,20,11,3,6
S2,heavy/none,longest_first+group+late+least_loaded,J,-0.0331042,0.029154,20,13,1,6
S2,heavy/none,longest_first+group+late+least_loaded,phase_time_s,-1.2566,1.63655,20,11,3,6
S2,heavy/none,longest_first+group+late+lpt,J,-0.0331042,0.029154,20,13,1,6
S2,heavy/none,longest_first+group+late+lpt,phase_time_s,-1.2566,1.63655,20,11,3,6
S2,heavy/none,longest_first+sample+early+round_robin,J,-0.110104,0.0399084,20,18,0,2
S2,heavy/none,longest_first+sample+early+round_robin,phase_time_s,-3.4195,1.91076,20,14,5,1
S2,heavy/none,longest_first+sample+early+least_loaded,J,-0.110104,0.0399084,20,18,0,2
S2,heavy/none,longest_first+sample+early+least_loaded,phase_time_s,-3.4195,1.91076,20,14,5,1
S2,heavy/none,longest_first+sample+early+lpt,J,-0.110104,0.0399084,20,18,0,2
S2,heavy/none,longest_first+sample+early+lpt,phase_time_s,-3.4195,1.91076,20,14,5,1
S2,heavy/none,longest_first+sample+late+first_free,J,-0.106446,0.0483966,20,16,1,3
S2,heavy/none,longest_first+sample+late+first_free,phase_time_s,-4.05305,2.16023,20,14,2,4
S2,heavy/none,longest_first+sample+late+round_robin,J,-0.102813,0.0402508,20,18,0,2
S2,heavy/none,longest_first+sample+late+round_robin,phase_time_s,-3.68,1.94688,20,17,0,3
S2,heavy/none,longest_first+sample+late+least_loaded,J,-0.103663,0.0401164,20,18,2,0
S2,heavy/none,longest_first+sample+late+least_loaded,phase_time_s,-3.7236,1.9496,20,16,2,2
S2,heavy/none,longest_first+sample+late+lpt,J,-0.103663,0.0401164,20,18,2,0
S2,heavy/none,longest_first+sample+late+lpt,phase_time_s,-3.7236,1.9496,20,16,2,2
S2,heavy/none,online_adaptive,J,-0.102059,0.0388606,20,18,2,0
S2,heavy/none,online_adaptive,phase_time_s,-3.70185,1.93926,20,16,2,2
S2,heavy/none,online_eb,J,-0.0995144,0.0401528,20,18,0,2
S2,heavy/none,online_eb,phase_time_s,-3.46645,1.93987,20,16,1,3
S2,heavy/none,oracle_lpt,J,-0.228903,0.0507418,20,20,0,0
S2,heavy/none,oracle_lpt,phase_time_s,-9.6635,2.57111,20,20,0,0
S2,light/group,fifo+group+early+least_loaded,J,-0.0245178,0.0468353,20,11,2,7
S2,light/group,fifo+group+early+least_loaded,phase_time_s,-0.3492,0.866211,20,11,2,7
S2,light/group,fifo+group+early+lpt,J,-0.125343,0.0695868,20,16,0,4
S2,light/group,fifo+group+early+lpt,phase_time_s,-2.8497,1.36553,20,18,1,1
S2,light/group,fifo+group+late+first_free,J,-0.0181297,0.0305432,20,13,3,4
S2,light/group,fifo+group+late+first_free,phase_time_s,-0.06995,0.552896,20,10,3,7
S2,light/group,fifo+group+late+round_robin,J,-0.0177763,0.0318589,20,11,5,4
S2,light/group,fifo+group+late+round_robin,phase_time_s,-0.1233,0.577294,20,10,5,5
S2,light/group,fifo+group+late+least_loaded,J,-0.0161553,0.0325405,20,10,4,6
S2,light/group,fifo+group+late+least_loaded,phase_time_s,-0.06705,0.578609,20,9,5,6
S2,light/group,fifo+group+late+lpt,J,-0.0218832,0.0289686,20,14,0,6
S2,light/group,fifo+group+late+lpt,phase_time_s,-0.1713,0.507758,20,11,3,6
S2,light/group,fifo+sample+early+round_robin,J,-0.0430433,0.0345401,20,14,1,5
S2,light/group,fifo+sample+early+round_robin,phase_time_s,-0.04885,0.603486,20,9,2,9
S2,light/group,fifo+sample+early+least_loaded,J,-0.0430433,0.0345401,20,14,1,5
S2,light/group,fifo+sample+early+least_loaded,phase_time_s,-0.04885,0.603486,20,9,2,9
S2,light/group,fifo+sample+early+lpt,J,-0.105801,0.0728559,20,15,0,5
S2,light/group,fifo+sample+early+lpt,phase_time_s,-2.05745,1.46742,20,15,1,4
S2,light/group,fifo+sample+late+first_free,J,-0.0706425,0.0307733,20,17,0,3
S2,light/group,fifo+sample+late+first_free,phase_time_s,-0.87715,0.530254,20,16,1,3
S2,light/group,fifo+sample+late+round_robin,J,-0.0481873,0.0299574,20,17,0,3
S2,light/group,fifo+sample+late+round_robin,phase_time_s,-0.31115,0.515814,20,10,6,4
S2,light/group,fifo+sample+late+least_loaded,J,-0.0473078,0.0301429,20,17,0,3
S2,light/group,fifo+sample+late+least_loaded,phase_time_s,-0.30255,0.519522,20,10,6,4
S2,light/group,fifo+sample+late+lpt,J,-0.0465587,0.0292639,20,17,0,3
S2,light/group,fifo+sample+late+lpt,phase_time_s,-0.30915,0.516489,20,10,6,4
S2,light/group,longest_first+group+early+round_robin,J,-0.108504,0.0631472,20,17,1,2
S2,light/group,longest_first+group+early+round_robin,phase_time_s,-2.62815,1.25742,20,18,0,2
S2,light/group,longest_first+group+early+least_loaded,J,-0.125343,0.0695868,20,16,0,4
S2,light/group,longest_first+group+early+least_loaded,phase_time_s,-2.8497,1.36553,20,18,1,1
S2,light/group,longest_first+group+early+lpt,J,-0.125343,0.0695868,20,16,0,4
S2,light/group,longest_first+group+early+lpt,phase_time_s,-2.8497,1.36553,20,18,1,1
S2,light/group,longest_first+group+late+first_free,J,-0.120364,0.0705683,20,16,0,4
S2,light/group,longest_first+group+late+first_free,phase_time_s,-2.5374,1.42076,20,17,0,3
S2,light/group,longest_first+group+late+round_robin,J,-0.121682,0.0720153,20,16,0,4
S2,light/group,longest_first+group+late+round_robin,phase_time_s,-2.54285,1.44297,20,16,1,3
S2,light/group,longest_first+group+late+least_loaded,J,-0.117675,0.0696675,20,16,0,4
S2,light/group,longest_first+group+late+least_loaded,phase_time_s,-2.4851,1.40615,20,16,1,3
S2,light/group,longest_first+group+late+lpt,J,-0.115291,0.069378,20,16,0,4
S2,light/group,longest_first+group+late+lpt,phase_time_s,-2.47215,1.41298,20,16,1,3
S2,light/group,longest_first+sample+early+round_robin,J,-0.108367,0.0734385,20,15,0,5
S2,light/group,longest_first+sample+early+round_robin,phase_time_s,-2.0864,1.48016,20,15,1,4
S2,light/group,longest_first+sample+early+least_loaded,J,-0.108367,0.0734385,20,15,0,5
S2,light/group,longest_first+sample+early+least_loaded,phase_time_s,-2.0864,1.48016,20,15,1,4
S2,light/group,longest_first+sample+early+lpt,J,-0.105801,0.0728559,20,15,0,5
S2,light/group,longest_first+sample+early+lpt,phase_time_s,-2.05745,1.46742,20,15,1,4
S2,light/group,longest_first+sample+late+first_free,J,-0.140327,0.0696789,20,16,1,3
S2,light/group,longest_first+sample+late+first_free,phase_time_s,-2.95465,1.39655,20,17,0,3
S2,light/group,longest_first+sample+late+round_robin,J,-0.123442,0.071003,20,15,1,4
S2,light/group,longest_first+sample+late+round_robin,phase_time_s,-2.42535,1.40825,20,16,1,3
S2,light/group,longest_first+sample+late+least_loaded,J,-0.127324,0.0697385,20,16,0,4
S2,light/group,longest_first+sample+late+least_loaded,phase_time_s,-2.4827,1.38392,20,16,1,3
S2,light/group,longest_first+sample+late+lpt,J,-0.127324,0.0697385,20,16,0,4
S2,light/group,longest_first+sample+late+lpt,phase_time_s,-2.4827,1.38392,20,16,1,3
S2,light/group,online_adaptive,J,-0.126824,0.0696819,20,16,0,4
S2,light/group,online_adaptive,phase_time_s,-2.47895,1.38351,20,16,1,3
S2,light/group,online_eb,J,-0.126186,0.0698504,20,16,0,4
S2,light/group,online_eb,phase_time_s,-2.4665,1.39628,20,16,1,3
S2,light/group,oracle_lpt,J,-0.231818,0.0455664,20,20,0,0
S2,light/group,oracle_lpt,phase_time_s,-4.9657,0.89448,20,20,0,0
S2,light/none,fifo+group+early+least_loaded,J,0,0,20,0,20,0
S2,light/none,fifo+group+early+least_loaded,phase_time_s,0,0,20,0,20,0
S2,light/none,fifo+group+early+lpt,J,0,0,20,0,20,0
S2,light/none,fifo+group+early+lpt,phase_time_s,0,0,20,0,20,0
S2,light/none,fifo+group+late+first_free,J,-0.0181297,0.0305432,20,13,3,4
S2,light/none,fifo+group+late+first_free,phase_time_s,-0.06995,0.552896,20,10,3,7
S2,light/none,fifo+group+late+round_robin,J,-0.0177763,0.0318589,20,11,5,4
S2,light/none,fifo+group+late+round_robin,phase_time_s,-0.1233,0.577294,20,10,5,5
S2,light/none,fifo+group+late+least_loaded,J,-0.0177763,0.0318589,20,11,5,4
S2,light/none,fifo+group+late+least_loaded,phase_time_s,-0.1233,0.577294,20,10,5,5
S2,light/none,fifo+group+late+lpt,J,-0.0177763,0.0318589,20,11,5,4
S2,light/none,fifo+group+late+lpt,phase_time_s,-0.1233,0.577294,20,10,5,5
S2,light/none,fifo+sample+early+round_robin,J,-0.0430433,0.0345401,20,14,1,5
S2,light/none,fifo+sample+early+round_robin,phase_time_s,-0.04885,0.603486,20,9,2,9
S2,light/none,fifo+sample+early+least_loaded,J,-0.0430433,0.0345401,20,14,1,5
S2,light/none,fifo+sample+early+least_loaded,phase_time_s,-0.04885,0.603486,20,9,2,9
S2,light/none,fifo+sample+early+lpt,J,-0.0430433,0.0345401,20,14,1,5
S2,light/none,fifo+sample+early+lpt,phase_time_s,-0.04885,0.603486,20,9,2,9
S2,light/none,fifo+sample+late+first_free,J,-0.0706425,0.0307733,20,17,0,3
S2,light/none,fifo+sample+late+first_free,phase_time_s,-0.87715,0.530254,20,16,1,3
S2,light/none,fifo+sample+late+round_robin,J,-0.0481873,0.0299574,20,17,0,3
S2,light/none,fifo+sample+late+round_robin,phase_time_s,-0.31115,0.515814,20,10,6,4
S2,light/none,fifo+sample+late+least_loaded,J,-0.0480265,0.0300861,20,17,0,3
S2,light/none,fifo+sample+late+least_loaded,phase_time_s,-0.31145,0.518543,20,10,6,4
S2,light/none,fifo+sample+late+lpt,J,-0.0480265,0.0300861,20,17,0,3
S2,light/none,fifo+sample+late+lpt,phase_time_s,-0.31145,0.518543,20,10,6,4
S2,light/none,longest_first+group+early+round_robin,J,0,0,20,0,20,0
S2,light/none,longest_first+group+early+round_robin,phase_time_s,0,0,20,0,20,0
S2,light/none,longest_first+group+early+least_loaded,J,0,0,20,0,20,0
S2,light/none,longest_first+group+early+least_loaded,phase_time_s,0,0,20,0,20,0
S2,light/none,longest_first+group+early+lpt,J,0,0,20,0,20,0
S2,light/none,longest_first+group+early+lpt,phase_time_s,0,0,20,0,20,0
S2,light/none,longest_first+group+late+first_free,J,-0.0181297,0.0305432,20,13,3,4
S2,light/none,longest_first+group+late+first_free,phase_time_s,-0.06995,0.552896,20,10,3,7
S2,light/none,longest_first+group+late+round_robin,J,-0.0177763,0.0318589,20,11,5,4
S2,light/none,longest_first+group+late+round_robin,phase_time_s,-0.1233,0.577294,20,10,5,5
S2,light/none,longest_first+group+late+least_loaded,J,-0.0177763,0.0318589,20,11,5,4
S2,light/none,longest_first+group+late+least_loaded,phase_time_s,-0.1233,0.577294,20,10,5,5
S2,light/none,longest_first+group+late+lpt,J,-0.0177763,0.0318589,20,11,5,4
S2,light/none,longest_first+group+late+lpt,phase_time_s,-0.1233,0.577294,20,10,5,5
S2,light/none,longest_first+sample+early+round_robin,J,-0.0430433,0.0345401,20,14,1,5
S2,light/none,longest_first+sample+early+round_robin,phase_time_s,-0.04885,0.603486,20,9,2,9
S2,light/none,longest_first+sample+early+least_loaded,J,-0.0430433,0.0345401,20,14,1,5
S2,light/none,longest_first+sample+early+least_loaded,phase_time_s,-0.04885,0.603486,20,9,2,9
S2,light/none,longest_first+sample+early+lpt,J,-0.0430433,0.0345401,20,14,1,5
S2,light/none,longest_first+sample+early+lpt,phase_time_s,-0.04885,0.603486,20,9,2,9
S2,light/none,longest_first+sample+late+first_free,J,-0.0706425,0.0307733,20,17,0,3
S2,light/none,longest_first+sample+late+first_free,phase_time_s,-0.87715,0.530254,20,16,1,3
S2,light/none,longest_first+sample+late+round_robin,J,-0.0481873,0.0299574,20,17,0,3
S2,light/none,longest_first+sample+late+round_robin,phase_time_s,-0.31115,0.515814,20,10,6,4
S2,light/none,longest_first+sample+late+least_loaded,J,-0.0480265,0.0300861,20,17,0,3
S2,light/none,longest_first+sample+late+least_loaded,phase_time_s,-0.31145,0.518543,20,10,6,4
S2,light/none,longest_first+sample+late+lpt,J,-0.0480265,0.0300861,20,17,0,3
S2,light/none,longest_first+sample+late+lpt,phase_time_s,-0.31145,0.518543,20,10,6,4
S2,light/none,online_adaptive,J,-0.0483541,0.0297382,20,17,0,3
S2,light/none,online_adaptive,phase_time_s,-0.31295,0.517214,20,10,6,4
S2,light/none,online_eb,J,-0.0480677,0.0297022,20,17,0,3
S2,light/none,online_eb,phase_time_s,-0.311,0.519806,20,10,5,5
S2,light/none,oracle_lpt,J,-0.231818,0.0455664,20,20,0,0
S2,light/none,oracle_lpt,phase_time_s,-4.9657,0.89448,20,20,0,0
S3,eta0,best_s2+wait,J,-0.0700506,0.0146834,20,18,2,0
S3,eta0,best_s2+wait,step_time_mean_s,-3.65812,0.850127,20,17,3,0
S3,eta0,best_s2+carry,J,0.270468,0.0210974,20,0,0,20
S3,eta0,best_s2+carry,step_time_mean_s,-39.7641,1.0403,20,20,0,0
S3,eta1,best_s2+wait,J,-0.293406,0.0401285,20,20,0,0
S3,eta1,best_s2+wait,step_time_mean_s,-16.3318,2.32353,20,20,0,0
S3,eta1,best_s2+carry,J,-0.0772708,0.0410596,20,16,0,4
S3,eta1,best_s2+carry,step_time_mean_s,-42.0349,2.31508,20,20,0,0
S3,eta1-interrupt,best_s2+wait,J,-0.0915687,0.0178879,20,18,2,0
S3,eta1-interrupt,best_s2+wait,step_time_mean_s,-4.05363,0.850658,20,19,1,0
S3,eta1-interrupt,best_s2+carry,J,0.0581957,0.0250597,20,1,3,16
S3,eta1-interrupt,best_s2+carry,step_time_mean_s,-36.7154,0.984307,20,20,0,0
S3,eta1-swap,best_s2+wait,J,-0.0873806,0.0181209,20,18,2,0
S3,eta1-swap,best_s2+wait,step_time_mean_s,-3.71514,0.848405,20,19,1,0
S3,eta1-swap,best_s2+carry,J,0.0399355,0.0282134,20,4,1,15
S3,eta1-swap,best_s2+carry,step_time_mean_s,-36.8798,1.0363,20,20,0,0
S3,eta2,best_s2+wait,J,-0.293406,0.0401285,20,20,0,0
S3,eta2,best_s2+wait,step_time_mean_s,-16.3318,2.32353,20,20,0,0
S3,eta2,best_s2+carry,J,-0.791522,0.0386711,20,20,0,0
S3,eta2,best_s2+carry,step_time_mean_s,-53.2702,2.22421,20,20,0,0
S3,eta4,best_s2+wait,J,-0.293406,0.0401285,20,20,0,0
S3,eta4,best_s2+wait,step_time_mean_s,-16.3318,2.32353,20,20,0,0
S3,eta4,best_s2+carry,J,-0.818258,0.0375553,20,20,0,0
S3,eta4,best_s2+carry,step_time_mean_s,-53.2711,2.17489,20,20,0,0
S4,eta2,best_s2+wait,J,-0.293406,0.0401285,20,20,0,0
S4,eta2,best_s2+wait,step_time_mean_s,-16.3318,2.32353,20,20,0,0
S4,eta2,best_s2+carry(1.25),J,-0.655909,0.0372556,20,20,0,0
S4,eta2,best_s2+carry(1.25),step_time_mean_s,-41.2237,2.22623,20,20,0,0
S4,eta2,best_s2+abort(1.25),J,-0.031122,0.0423131,20,11,4,5
S4,eta2,best_s2+abort(1.25),step_time_mean_s,-38.3618,2.2749,20,20,0,0
S4,eta2,best_s2+carry(1.5),J,-0.767331,0.0390654,20,20,0,0
S4,eta2,best_s2+carry(1.5),step_time_mean_s,-49.7448,2.22087,20,20,0,0
S4,eta2,best_s2+abort(1.5),J,-0.00542398,0.0398683,20,8,4,8
S4,eta2,best_s2+abort(1.5),step_time_mean_s,-39.0205,2.42295,20,20,0,0
S4,eta2,best_s2+carry(2),J,-0.791522,0.0386711,20,20,0,0
S4,eta2,best_s2+carry(2),step_time_mean_s,-53.2702,2.22421,20,20,0,0
S4,eta2,best_s2+abort(2),J,0.00229987,0.0413338,20,7,3,10
S4,eta2,best_s2+abort(2),step_time_mean_s,-38.5555,2.46763,20,20,0,0
S4,eta2,online_adaptive+wait,J,-0.293992,0.0407298,20,20,0,0
S4,eta2,online_adaptive+wait,step_time_mean_s,-16.2823,2.32675,20,20,0,0
S4,eta2,online_adaptive+carry(1.25),J,-0.658423,0.0372424,20,20,0,0
S4,eta2,online_adaptive+carry(1.25),step_time_mean_s,-41.1235,2.21759,20,20,0,0
S4,eta2,online_adaptive+abort(1.25),J,-0.0275094,0.0442197,20,10,4,6
S4,eta2,online_adaptive+abort(1.25),step_time_mean_s,-38.4975,2.18763,20,20,0,0
S4,eta2,online_adaptive+carry(1.5),J,-0.765753,0.0379165,20,20,0,0
S4,eta2,online_adaptive+carry(1.5),step_time_mean_s,-49.7584,2.1898,20,20,0,0
S4,eta2,online_adaptive+abort(1.5),J,-0.00409993,0.0439625,20,8,2,10
S4,eta2,online_adaptive+abort(1.5),step_time_mean_s,-38.9954,2.40707,20,20,0,0
S4,eta2,online_adaptive+carry(2),J,-0.791835,0.0397175,20,20,0,0
S4,eta2,online_adaptive+carry(2),step_time_mean_s,-53.3525,2.2428,20,20,0,0
S4,eta2,online_adaptive+abort(2),J,0.0101101,0.0446713,20,8,1,11
S4,eta2,online_adaptive+abort(2),step_time_mean_s,-38.334,2.44202,20,20,0,0
S5,servers16,best_s2+v_fifo,J,-0.208616,0.0305966,20,20,0,0
S5,servers16,best_s2+v_fifo,step_time_mean_s,-12.5771,1.82267,20,20,0,0
S5,servers16,best_s2+v_group_first,J,-0.204009,0.0345376,20,20,0,0
S5,servers16,best_s2+v_group_first,step_time_mean_s,-12.7352,2.01794,20,20,0,0
S5,servers16,best_s2+v_shortest_first,J,-0.208023,0.0305978,20,20,0,0
S5,servers16,best_s2+v_shortest_first,step_time_mean_s,-12.5303,1.82202,20,20,0,0
S5,servers32,best_s2+v_fifo,J,-0.282103,0.0360632,20,20,0,0
S5,servers32,best_s2+v_fifo,step_time_mean_s,-16.5739,2.11466,20,20,0,0
S5,servers32,best_s2+v_group_first,J,-0.281621,0.0362696,20,20,0,0
S5,servers32,best_s2+v_group_first,step_time_mean_s,-16.5269,2.12806,20,20,0,0
S5,servers32,best_s2+v_shortest_first,J,-0.282108,0.0360615,20,20,0,0
S5,servers32,best_s2+v_shortest_first,step_time_mean_s,-16.5723,2.11521,20,20,0,0
S5,servers4,best_s2+v_fifo,J,-0.00133472,0.00676329,20,4,13,3
S5,servers4,best_s2+v_fifo,step_time_mean_s,1.89531,1.13894,20,0,16,4
S5,servers4,best_s2+v_group_first,J,0.0152072,0.00709012,20,0,12,8
S5,servers4,best_s2+v_group_first,step_time_mean_s,1.13225,1.02253,20,0,16,4
S5,servers4,best_s2+v_shortest_first,J,0.00112796,0.006359,20,2,15,3
S5,servers4,best_s2+v_shortest_first,step_time_mean_s,1.95028,1.12605,20,0,16,4
S5,servers8,best_s2+v_fifo,J,-0.00838514,0.00518594,20,13,4,3
S5,servers8,best_s2+v_fifo,step_time_mean_s,0.969702,0.808312,20,1,12,7
S5,servers8,best_s2+v_group_first,J,0.00522913,0.00814224,20,6,5,9
S5,servers8,best_s2+v_group_first,step_time_mean_s,0.614255,1.0332,20,5,8,7
S5,servers8,best_s2+v_shortest_first,J,-0.00719521,0.00531665,20,11,6,3
S5,servers8,best_s2+v_shortest_first,step_time_mean_s,1.04828,0.802275,20,1,12,7
S6,colocated,best_s2+wait,J,-0.0965231,0.0135329,20,20,0,0
S6,colocated,best_s2+wait,step_time_mean_s,-2.74905,0.551193,20,19,1,0
S6,rollout10,best_s2+wait,J,-0.0838351,0.0112951,20,20,0,0
S6,rollout10,best_s2+wait,step_time_mean_s,-3.7024,0.689115,20,19,1,0
S6,rollout12,best_s2+wait,J,-0.0987738,0.0113767,20,20,0,0
S6,rollout12,best_s2+wait,step_time_mean_s,-3.16102,0.510304,20,19,1,0
S6,rollout4,best_s2+wait,J,-0.0398787,0.0100412,20,17,3,0
S6,rollout4,best_s2+wait,step_time_mean_s,-4.85269,1.42902,20,16,3,1
S6,rollout6,best_s2+wait,J,-0.111161,0.0262372,20,19,1,0
S6,rollout6,best_s2+wait,step_time_mean_s,-11.6495,2.13314,20,20,0,0
S6,rollout8,best_s2+wait,J,-0.293406,0.0401285,20,20,0,0
S6,rollout8,best_s2+wait,step_time_mean_s,-16.3318,2.32353,20,20,0,0
S8,eta2/estimates_degrade,best_s2+wait,J,-0.292453,0.0394498,20,20,0,0
S8,eta2/estimates_degrade,best_s2+wait,step_time_mean_s,-16.3595,2.30062,20,20,0,0
S8,eta2/estimates_degrade,online_adaptive+wait,J,-0.294332,0.0401393,20,20,0,0
S8,eta2/estimates_degrade,online_adaptive+wait,step_time_mean_s,-16.3415,2.31483,20,20,0,0
S8,eta2/estimates_degrade,online_eb+wait,J,-0.293187,0.0392107,20,20,0,0
S8,eta2/estimates_degrade,online_eb+wait,step_time_mean_s,-16.3379,2.2853,20,20,0,0
S8,eta2/estimates_degrade,best_s2+abort(1.5),J,-0.00420178,0.0403968,20,8,4,8
S8,eta2/estimates_degrade,best_s2+abort(1.5),step_time_mean_s,-38.8949,2.37552,20,20,0,0
S8,eta2/estimates_degrade,online_adaptive+abort(1.5),J,0.00312969,0.0420566,20,8,1,11
S8,eta2/estimates_degrade,online_adaptive+abort(1.5),step_time_mean_s,-39.0176,2.24923,20,20,0,0
S8,eta2/estimates_degrade,online_eb+abort_pred(1.5),J,-0.76324,0.0381307,20,20,0,0
S8,eta2/estimates_degrade,online_eb+abort_pred(1.5),step_time_mean_s,-50.0311,2.21056,20,20,0,0
S8,eta2/none,best_s2+wait,J,-0.293406,0.0401285,20,20,0,0
S8,eta2/none,best_s2+wait,step_time_mean_s,-16.3318,2.32353,20,20,0,0
S8,eta2/none,online_adaptive+wait,J,-0.293992,0.0407298,20,20,0,0
S8,eta2/none,online_adaptive+wait,step_time_mean_s,-16.2823,2.32675,20,20,0,0
S8,eta2/none,online_eb+wait,J,-0.293715,0.0409917,20,20,0,0
S8,eta2/none,online_eb+wait,step_time_mean_s,-16.2847,2.34523,20,20,0,0
S8,eta2/none,best_s2+abort(1.5),J,-0.00542398,0.0398683,20,8,4,8
S8,eta2/none,best_s2+abort(1.5),step_time_mean_s,-39.0205,2.42295,20,20,0,0
S8,eta2/none,online_adaptive+abort(1.5),J,-0.00409993,0.0439625,20,8,2,10
S8,eta2/none,online_adaptive+abort(1.5),step_time_mean_s,-38.9954,2.40707,20,20,0,0
S8,eta2/none,online_eb+abort_pred(1.5),J,-0.764851,0.0383382,20,20,0,0
S8,eta2/none,online_eb+abort_pred(1.5),step_time_mean_s,-49.8872,2.17535,20,20,0,0
S8,eta2/tail_heavier,best_s2+wait,J,-0.317736,0.0399102,20,20,0,0
S8,eta2/tail_heavier,best_s2+wait,step_time_mean_s,-19.8573,2.69276,20,20,0,0
S8,eta2/tail_heavier,online_adaptive+wait,J,-0.317321,0.0409123,20,20,0,0
S8,eta2/tail_heavier,online_adaptive+wait,step_time_mean_s,-19.7576,2.73795,20,20,0,0
S8,eta2/tail_heavier,online_eb+wait,J,-0.317396,0.0405338,20,20,0,0
S8,eta2/tail_heavier,online_eb+wait,step_time_mean_s,-19.7762,2.71946,20,20,0,0
S8,eta2/tail_heavier,best_s2+abort(1.5),J,0.0903844,0.0376409,20,1,3,16
S8,eta2/tail_heavier,best_s2+abort(1.5),step_time_mean_s,-36.3051,2.87757,20,20,0,0
S8,eta2/tail_heavier,online_adaptive+abort(1.5),J,0.0880015,0.0416724,20,1,2,17
S8,eta2/tail_heavier,online_adaptive+abort(1.5),step_time_mean_s,-36.4455,2.89648,20,20,0,0
S8,eta2/tail_heavier,online_eb+abort_pred(1.5),J,-0.720298,0.0377073,20,20,0,0
S8,eta2/tail_heavier,online_eb+abort_pred(1.5),step_time_mean_s,-51.2043,2.77385,20,20,0,0
SENS,S3eta1/est_high,best_s2+wait,J,-0.289407,0.0669579,10,10,0,0
SENS,S3eta1/est_high,best_s2+wait,step_time_mean_s,-16.7105,4.25566,10,10,0,0
SENS,S3eta1/est_high,best_s2+carry,J,-0.0848063,0.0717233,10,8,0,2
SENS,S3eta1/est_high,best_s2+carry,step_time_mean_s,-42.4053,4.43638,10,10,0,0
SENS,S3eta1/est_none,best_s2+wait,J,-0.295077,0.0579006,10,10,0,0
SENS,S3eta1/est_none,best_s2+wait,step_time_mean_s,-16.8711,4.10097,10,10,0,0
SENS,S3eta1/est_none,best_s2+carry,J,-0.061349,0.076621,10,8,0,2
SENS,S3eta1/est_none,best_s2+carry,step_time_mean_s,-42.0422,4.46365,10,10,0,0
SENS,S3eta1/mfu0.2,best_s2+wait,J,-0.107531,0.0266784,10,10,0,0
SENS,S3eta1/mfu0.2,best_s2+wait,step_time_mean_s,-4.80347,1.37205,10,10,0,0
SENS,S3eta1/mfu0.2,best_s2+carry,J,0.186117,0.043528,10,0,0,10
SENS,S3eta1/mfu0.2,best_s2+carry,step_time_mean_s,-40.5402,2.16749,10,10,0,0
SENS,S3eta1/mfu0.5,best_s2+wait,J,-0.326431,0.0567209,10,10,0,0
SENS,S3eta1/mfu0.5,best_s2+wait,step_time_mean_s,-25.2761,4.25696,10,10,0,0
SENS,S3eta1/mfu0.5,best_s2+carry,J,-0.241031,0.0582773,10,10,0,0
SENS,S3eta1/mfu0.5,best_s2+carry,step_time_mean_s,-51.1404,4.19867,10,10,0,0
SENS,S3eta1/tail0.75,best_s2+wait,J,-0.187907,0.0663529,10,10,0,0
SENS,S3eta1/tail0.75,best_s2+wait,step_time_mean_s,-8.41672,2.75216,10,10,0,0
SENS,S3eta1/tail0.75,best_s2+carry,J,-0.34524,0.0787136,10,10,0,0
SENS,S3eta1/tail0.75,best_s2+carry,step_time_mean_s,-40.2075,3.14453,10,10,0,0
SENS,S3eta1/tail1.25,best_s2+wait,J,-0.32699,0.0710346,10,10,0,0
SENS,S3eta1/tail1.25,best_s2+wait,step_time_mean_s,-22.0575,5.13226,10,10,0,0
SENS,S3eta1/tail1.25,best_s2+carry,J,0.0311596,0.0889535,10,2,3,5
SENS,S3eta1/tail1.25,best_s2+carry,step_time_mean_s,-42.0611,5.81309,10,10,0,0
SENS,S4eta2/est_high,best_s2+wait,J,-0.289407,0.0669579,10,10,0,0
SENS,S4eta2/est_high,best_s2+wait,step_time_mean_s,-16.7105,4.25566,10,10,0,0
SENS,S4eta2/est_high,best_s2+carry(1.5),J,-0.773767,0.0713396,10,10,0,0
SENS,S4eta2/est_high,best_s2+carry(1.5),step_time_mean_s,-50.4564,4.38293,10,10,0,0
SENS,S4eta2/est_high,best_s2+abort(1.5),J,-0.0142097,0.0728246,10,3,3,4
SENS,S4eta2/est_high,best_s2+abort(1.5),step_time_mean_s,-39.0866,4.68335,10,10,0,0
SENS,S4eta2/est_none,best_s2+wait,J,-0.295077,0.0579006,10,10,0,0
SENS,S4eta2/est_none,best_s2+wait,step_time_mean_s,-16.8711,4.10097,10,10,0,0
SENS,S4eta2/est_none,best_s2+carry(1.5),J,-0.776364,0.0711222,10,10,0,0
SENS,S4eta2/est_none,best_s2+carry(1.5),step_time_mean_s,-50.5844,4.42472,10,10,0,0
SENS,S4eta2/est_none,best_s2+abort(1.5),J,-0.00992528,0.0767563,10,4,2,4
SENS,S4eta2/est_none,best_s2+abort(1.5),step_time_mean_s,-39.6053,4.87828,10,10,0,0
SENS,S4eta2/mfu0.2,best_s2+wait,J,-0.107531,0.0266784,10,10,0,0
SENS,S4eta2/mfu0.2,best_s2+wait,step_time_mean_s,-4.80347,1.37205,10,10,0,0
SENS,S4eta2/mfu0.2,best_s2+carry(1.5),J,-0.647897,0.0354275,10,10,0,0
SENS,S4eta2/mfu0.2,best_s2+carry(1.5),step_time_mean_s,-37.5498,1.69409,10,10,0,0
SENS,S4eta2/mfu0.2,best_s2+abort(1.5),J,0.211474,0.0472198,10,0,0,10
SENS,S4eta2/mfu0.2,best_s2+abort(1.5),step_time_mean_s,-40.6434,2.21094,10,10,0,0
SENS,S4eta2/mfu0.5,best_s2+wait,J,-0.326431,0.0567209,10,10,0,0
SENS,S4eta2/mfu0.5,best_s2+wait,step_time_mean_s,-25.2761,4.25696,10,10,0,0
SENS,S4eta2/mfu0.5,best_s2+carry(1.5),J,-0.797985,0.0522531,10,10,0,0
SENS,S4eta2/mfu0.5,best_s2+carry(1.5),step_time_mean_s,-61.9359,4.2981,10,10,0,0
SENS,S4eta2/mfu0.5,best_s2+abort(1.5),J,-0.0875378,0.0567614,10,9,0,1
SENS,S4eta2/mfu0.5,best_s2+abort(1.5),step_time_mean_s,-44.9524,3.96556,10,10,0,0
SENS,S4eta2/tail0.75,best_s2+wait,J,-0.187907,0.0663529,10,10,0,0
SENS,S4eta2/tail0.75,best_s2+wait,step_time_mean_s,-8.41672,2.75216,10,10,0,0
SENS,S4eta2/tail0.75,best_s2+carry(1.5),J,-0.829637,0.0749706,10,10,0,0
SENS,S4eta2/tail0.75,best_s2+carry(1.5),step_time_mean_s,-42.5192,3.11154,10,10,0,0
SENS,S4eta2/tail0.75,best_s2+abort(1.5),J,-0.264164,0.0814729,10,10,0,0
SENS,S4eta2/tail0.75,best_s2+abort(1.5),step_time_mean_s,-36.7837,2.9872,10,10,0,0
SENS,S4eta2/tail1.25,best_s2+wait,J,-0.32699,0.0710346,10,10,0,0
SENS,S4eta2/tail1.25,best_s2+wait,step_time_mean_s,-22.0575,5.13226,10,10,0,0
SENS,S4eta2/tail1.25,best_s2+carry(1.5),J,-0.71991,0.0755424,10,10,0,0
SENS,S4eta2/tail1.25,best_s2+carry(1.5),step_time_mean_s,-53.5683,5.48941,10,10,0,0
SENS,S4eta2/tail1.25,best_s2+abort(1.5),J,0.095041,0.0827912,10,1,1,8
SENS,S4eta2/tail1.25,best_s2+abort(1.5),step_time_mean_s,-39.074,5.76948,10,10,0,0
