seed,n,W,cap,optimum_ms,optimum_status,det_ms,det_status,cvar0_ms,cvar0_status,cvar0.5_ms,cvar0.5_status,cvar1_ms,cvar1_status,cvar2_ms,cvar2_status,dp_policy_ms,det_ratio,cvar0_ratio,cvar0.5_ratio,cvar1_ratio,cvar2_ratio,dp_policy_ratio
6000,13,2,6,62638,optimal,77381,optimal,63974,optimal,63974,optimal,63974,optimal,63974,optimal,69323,1.23537,1.02133,1.02133,1.02133,1.02133,1.10672
6001,9,2,6,30648,optimal,30648,optimal,31113,optimal,31113,optimal,30648,optimal,30648,optimal,32973,1,1.01517,1.01517,1,1,1.07586
6002,8,2,6,54209,optimal,54209,optimal,54209,optimal,54209,optimal,54209,optimal,54209,optimal,57321,1,1,1,1,1,1.05741
6003,14,3,6,52270,optimal,52270,optimal,53280,optimal,53280,optimal,53280,optimal,53280,optimal,57322,1,1.01932,1.01932,1.01932,1.01932,1.09665
6004,10,2,6,22386,optimal,22386,optimal,22692,optimal,22692,optimal,22692,optimal,22692,optimal,23916,1,1.01367,1.01367,1.01367,1.01367,1.06835
6005,10,3,6,19509,optimal,22457,optimal,20023,optimal,20023,optimal,20023,optimal,20023,optimal,20538,1.15111,1.02635,1.02635,1.02635,1.02635,1.05274
6006,9,3,6,57232,optimal,57232,optimal,57232,optimal,57232,optimal,57232,optimal,57232,optimal,59555,1,1,1,1,1,1.04059
6007,13,2,5,62638,optimal,62638,optimal,62638,optimal,62638,optimal,62638,optimal,62638,optimal,65312,1,1,1,1,1,1.04269
6008,11,2,5,62638,optimal,63974,optimal,63974,optimal,63974,optimal,63974,optimal,63974,optimal,67987,1.02133,1.02133,1.02133,1.02133,1.02133,1.0854
6009,8,2,4,41194,optimal,41194,optimal,41194,optimal,41194,optimal,41194,optimal,41194,optimal,43317,1,1,1,1,1,1.05154
6010,12,2,6,32406,optimal,32406,optimal,33914,optimal,33914,optimal,33914,optimal,33914,optimal,34918,1,1.04653,1.04653,1.04653,1.04653,1.07752
6011,8,3,5,24870,optimal,24870,optimal,24870,optimal,24870,optimal,24870,optimal,24870,optimal,25221,1,1,1,1,1,1.01411
6012,11,2,6,24134,optimal,28749,optimal,28521,optimal,28521,optimal,28521,optimal,28521,optimal,25129,1.19122,1.18178,1.18178,1.18178,1.18178,1.04123
6013,16,3,4,19715,optimal,19715,optimal,19975,optimal,19715,optimal,19715,optimal,19715,optimal,20496,1,1.01319,1,1,1,1.03961
6014,15,2,4,31015,optimal,31960,optimal,32433,optimal,31960,optimal,31960,optimal,31960,optimal,32433,1.03047,1.04572,1.03047,1.03047,1.03047,1.04572
6015,15,2,5,17724,optimal,31637,optimal,17942,optimal,17942,optimal,17942,optimal,17942,optimal,17942,1.78498,1.0123,1.0123,1.0123,1.0123,1.0123
6016,8,3,6,44096,optimal,44096,optimal,44096,optimal,44096,optimal,44096,optimal,44096,optimal,48008,1,1,1,1,1,1.08872
6017,12,3,5,30488,optimal,38017,optimal,30488,optimal,30488,optimal,30488,optimal,30488,optimal,32335,1.24695,1,1,1,1,1.06058
6018,15,2,4,62638,optimal,68904,optimal,66649,optimal,66649,optimal,66649,optimal,66649,optimal,66649,1.10004,1.06403,1.06403,1.06403,1.06403,1.06403
6019,14,3,6,33653,optimal,33653,optimal,34182,optimal,34182,optimal,34182,optimal,34182,optimal,36301,1,1.01572,1.01572,1.01572,1.01572,1.07869
6020,14,2,6,30411,optimal,30411,optimal,31331,optimal,30871,optimal,30871,optimal,30871,optimal,32711,1,1.03025,1.01513,1.01513,1.01513,1.07563
6021,13,3,6,27761,optimal,27761,optimal,27761,optimal,27761,optimal,27761,optimal,27761,optimal,29793,1,1,1,1,1,1.0732
6022,10,3,5,13955,optimal,14472,optimal,14472,optimal,14472,optimal,14472,optimal,14472,optimal,14645,1.03705,1.03705,1.03705,1.03705,1.03705,1.04944
6023,9,3,4,20179,optimal,20983,optimal,20715,optimal,20983,optimal,20983,optimal,20983,optimal,20983,1.03984,1.02656,1.03984,1.03984,1.03984,1.03984
6024,9,3,5,32720,optimal,38235,optimal,32720,optimal,32720,optimal,32720,optimal,37240,optimal,34757,1.16855,1,1,1,1.13814,1.06226
6025,16,2,5,21963,optimal,43020,optimal,22257,optimal,33645,optimal,33645,optimal,33645,optimal,22551,1.95875,1.01339,1.53189,1.53189,1.53189,1.02677
6026,14,3,6,30312,optimal,36086,optimal,30312,optimal,30312,optimal,30312,optimal,30312,optimal,32602,1.19049,1,1,1,1,1.07555
6027,14,2,5,31098,optimal,31785,optimal,32254,optimal,32724,optimal,32724,optimal,32724,optimal,32724,1.02209,1.03717,1.05229,1.05229,1.05229,1.05229
6028,14,2,5,47926,optimal,74812,optimal,48811,optimal,48811,optimal,48811,optimal,48811,optimal,51470,1.56099,1.01847,1.01847,1.01847,1.01847,1.07395
6029,15,2,5,62638,optimal,62638,optimal,65312,optimal,65312,optimal,65312,optimal,65312,optimal,67987,1,1.04269,1.04269,1.04269,1.04269,1.0854
6030,12,2,5,14804,optimal,16272,optimal,15169,optimal,14987,optimal,14804,optimal,14804,optimal,15351,1.09916,1.02466,1.01236,1,1,1.03695
6031,9,2,5,50921,optimal,50921,optimal,50921,optimal,50921,optimal,50921,optimal,50921,optimal,52863,1,1,1,1,1,1.03814
6032,15,3,6,9868,optimal,15253,optimal,11205,optimal,11205,optimal,11205,optimal,11205,optimal,10458,1.5457,1.13549,1.13549,1.13549,1.13549,1.05979
6033,8,3,4,7808,optimal,9697,optimal,7901,optimal,7901,optimal,7995,optimal,7995,optimal,8088,1.24193,1.01191,1.01191,1.02395,1.02395,1.03586
6034,12,3,5,46964,optimal,46964,optimal,48683,optimal,47823,optimal,47823,optimal,47823,optimal,50402,1,1.0366,1.01829,1.01829,1.01829,1.07321
6035,11,2,4,21569,optimal,23568,optimal,21856,optimal,21569,optimal,21569,optimal,21569,optimal,22143,1.09268,1.01331,1,1,1,1.02661
6036,10,3,6,31153,optimal,31153,optimal,31153,optimal,31153,optimal,31153,optimal,31153,optimal,33530,1,1,1,1,1,1.0763
6037,8,2,6,43981,optimal,43981,optimal,44760,optimal,44760,optimal,44760,optimal,44760,optimal,47878,1,1.01771,1.01771,1.01771,1.01771,1.08861
6038,14,3,5,41754,optimal,43764,optimal,43697,optimal,43697,optimal,43697,optimal,43697,optimal,43920,1.04814,1.04653,1.04653,1.04653,1.04653,1.05188
6039,13,2,5,25732,optimal,25732,optimal,26833,optimal,26098,optimal,26098,optimal,26098,optimal,27200,1,1.04279,1.01422,1.01422,1.01422,1.05705
6040,16,2,4,44665,optimal,47057,optimal,47057,optimal,47057,optimal,47057,optimal,47057,optimal,47057,1.05355,1.05355,1.05355,1.05355,1.05355,1.05355
6041,13,2,6,46926,optimal,49501,optimal,49501,optimal,49501,optimal,48642,optimal,48642,optimal,51217,1.05487,1.05487,1.05487,1.03657,1.03657,1.09144
6042,15,3,6,46303,optimal,46303,optimal,46303,optimal,46303,optimal,46303,optimal,46303,optimal,48827,1,1,1,1,1,1.05451
6043,11,2,5,24196,optimal,37650,optimal,24441,optimal,24441,optimal,24441,optimal,24441,optimal,25194,1.55604,1.01013,1.01013,1.01013,1.01013,1.04125
6044,14,2,5,16354,optimal,23046,optimal,23046,optimal,23046,optimal,27569,optimal,27569,optimal,21156,1.4092,1.4092,1.4092,1.68576,1.68576,1.29363
6045,15,3,4,51361,optimal,54312,optimal,54312,optimal,54312,optimal,54312,optimal,54312,optimal,54312,1.05746,1.05746,1.05746,1.05746,1.05746,1.05746
6046,10,3,4,62638,optimal,62638,optimal,62638,optimal,62638,optimal,62638,optimal,62638,optimal,66649,1,1,1,1,1,1.06403
6047,13,3,4,62638,optimal,62638,optimal,62638,optimal,62638,optimal,62638,optimal,62638,optimal,66649,1,1,1,1,1,1.06403
6048,13,3,5,62638,optimal,62638,optimal,62638,optimal,62638,optimal,62638,optimal,62638,optimal,65312,1,1,1,1,1,1.04269
6049,13,2,4,40532,optimal,43988,optimal,42496,optimal,42496,optimal,42496,optimal,42496,optimal,41882,1.08527,1.04846,1.04846,1.04846,1.04846,1.03331
