n,seed,status,objective_ms,gap,n_vars,wall_solve_s,wall_solve_cpu_s,nodes
8,8000,optimal,10414,0,100,0.112801,0.125,1
8,8001,optimal,14024,0,100,0.0500042,0.046875,1
8,8002,optimal,41040,0,100,0.0267073,0.046875,1
16,8000,optimal,62638,0,244,0.0448631,0.0625,1
16,8001,optimal,29899,0,244,0.183281,0.21875,1
16,8002,optimal,41040,0,244,0.0721471,0.09375,1
32,8000,optimal,62638,0,532,0.170861,0.1875,1
32,8001,optimal,30348,0,532,0.191739,0.203125,1
32,8002,optimal,41040,0,532,0.0520743,0.078125,1
48,8000,optimal,63974,0,820,0.355373,0.421875,8
48,8001,optimal,35249,0,820,0.0544846,0.109375,1
48,8002,optimal,41743,0,820,0.298241,0.359375,8
64,8000,optimal,63974,0,1108,0.162344,0.1875,1
64,8001,optimal,62638,0,1108,0.571349,0.6875,210
64,8002,optimal,41743,0,1108,0.709656,0.828125,1
96,8000,optimal,67987,0,1684,0.119642,0.15625,1
96,8001,optimal,69323,0,1684,0.110888,0.125,1
96,8002,optimal,48197,0,1684,0.541237,0.609375,601
128,8000,optimal,78608,0,2260,15.627,16.3125,75593
128,8001,solver_capped,88355,2.2636e-05,2260,30.0151,31.8125,194483
128,8002,solver_capped,66286,1.50861e-05,2260,30.0139,32.6875,174690
