seed,wall_solve_s,wall_solve_cpu_s
6000,0.0714844,0.203125
6001,0.0246324,0.109375
6002,0.0566962,0.046875
6003,0.0822747,0.140625
6004,0.0256262,0.0625
6005,0.0334172,0.046875
6006,0.0144203,0.03125
6007,0.0428403,0.078125
6008,0.0064845,0.03125
6009,0.0032553,0.015625
6010,0.0382448,0.046875
6011,0.0269136,0.0625
6012,0.0402427,0.078125
6013,0.156407,0.1875
6014,0.0300734,0.0625
6015,0.005391,0
6016,0.0132508,0.015625
6017,0.0383805,0.0625
6018,0.0758096,0.09375
6019,0.0345473,0.078125
6020,0.0166211,0.03125
6021,0.302743,0.359375
6022,0.0384198,0.078125
6023,0.070978,0.09375
6024,0.0142755,0.03125
6025,0.0147417,0.03125
6026,0.0518133,0.078125
6027,0.074131,0.109375
6028,0.0542003,0.078125
6029,0.03056,0.0625
6030,0.02594,0.0625
6031,0.0089384,0.03125
6032,0.125796,0.15625
6033,0.0266515,0.046875
6034,0.0236321,0.0625
6035,0.0058966,0
6036,0.100069,0.109375
6037,0.0134471,0.03125
6038,0.143683,0.203125
6039,0.0456107,0.0625
6040,0.0585637,0.046875
6041,0.0243027,0.046875
6042,0.0315011,0.046875
6043,0.0210127,0.03125
6044,0.0086138,0
6045,0.0357551,0.03125
6046,0.0246622,0.015625
6047,0.0060882,0
6048,0.0375586,0.015625
6049,0.0185487,0.03125
